MeasurementDateGMT,Waterloo Place (The Crown Estate): PM2.5 Particulate (ug/m3),Waterloo Place (The Crown Estate): PM10 Particulate (ug/m3),Waterloo Place (The Crown Estate): Ozone (ug/m3),Waterloo Place (The Crown Estate): Nitrogen Dioxide (ug/m3)
2023/10/27 0:00,7.6,11.8,,43.5
2023/10/27 1:00,7.2,11.3,,44.8
2023/10/27 2:00,7,11.2,,38.6
2023/10/27 3:00,6.7,11.1,,38.5
2023/10/27 4:00,6.4,10.9,,38.9
2023/10/27 5:00,6.8,11.6,,42.2
2023/10/27 6:00,6.8,12.7,,45.9
2023/10/27 7:00,8.1,20.1,,49.2
2023/10/27 8:00,9.2,22.4,,53.6
2023/10/27 9:00,5.5,11.5,,59.9
2023/10/27 10:00,4.9,10.8,,58.1
2023/10/27 11:00,4.4,10.5,,51.9
2023/10/27 12:00,3.2,8,,48
2023/10/27 13:00,4.3,13.5,,45.4
2023/10/27 14:00,3.8,9.4,,58.8
2023/10/27 15:00,3.4,7.7,,64.3
2023/10/27 16:00,4.2,8.4,,48
2023/10/27 17:00,5.1,9.5,,61.5
2023/10/27 18:00,6.1,10.6,,60
2023/10/27 19:00,6.8,12.3,,55.4
2023/10/27 20:00,6.2,10.4,,43.5
2023/10/27 21:00,4.9,9.3,,50.1
2023/10/27 22:00,4.2,6.9,,39.3
2023/10/27 23:00,3.2,4.8,,27.5
2023/10/28 0:00,2.8,4.6,,28.3
2023/10/28 1:00,2.6,4.6,,18.4
2023/10/28 2:00,2.9,5.5,,20
2023/10/28 3:00,2.3,4.3,,24.4
2023/10/28 4:00,2.2,3.9,,20.1
2023/10/28 5:00,2,4,,27.8
2023/10/28 6:00,2,4,,32.9
2023/10/28 7:00,3.3,6.7,,32.4
2023/10/28 8:00,3.8,8.2,,30.7
2023/10/28 9:00,4.3,9,,30.4
2023/10/28 10:00,5.7,12.7,,24.5
2023/10/28 11:00,9.1,21.7,,18.9
2023/10/28 12:00,8,16.7,,18.2
2023/10/28 13:00,8.5,17.5,,21
2023/10/28 14:00,8.7,17.4,,20.3
2023/10/28 15:00,8.5,16.6,,15.7
2023/10/28 16:00,7,12.4,,22.6
2023/10/28 17:00,5.8,10.5,,28.7
2023/10/28 18:00,3.6,6,,25.2
2023/10/28 19:00,2.5,3.6,,30.8
2023/10/28 20:00,5.6,8,,41.9
2023/10/28 21:00,6,8.4,,49.1
2023/10/28 22:00,4.8,8.4,,37
2023/10/28 23:00,3.3,5,,43.8
2023/10/29 0:00,1.5,2.7,,20.3
2023/10/29 1:00,1.9,4.2,,18.2
2023/10/29 2:00,2.4,6.1,,14.6
2023/10/29 3:00,2.7,6.6,,11.6
2023/10/29 4:00,1.9,4.2,,13.3
2023/10/29 5:00,2.4,5.8,,14.2
2023/10/29 6:00,4,9,,16.1
2023/10/29 7:00,4.1,10,,19.9
2023/10/29 8:00,4.9,13.3,,21.2
2023/10/29 9:00,6.2,14.9,,25.5
2023/10/29 10:00,7.1,16.3,,35.5
2023/10/29 11:00,3.5,6.5,,30.4
2023/10/29 12:00,3.2,5.9,,33.5
2023/10/29 13:00,3.5,6.6,,43.3
2023/10/29 14:00,2.3,3.8,,28.2
2023/10/29 15:00,2.8,4.7,,39.4
2023/10/29 16:00,3.7,6.9,,48.8
2023/10/29 17:00,4.9,10.2,,36.9
2023/10/29 18:00,5.4,9.7,,32.4
2023/10/29 19:00,5.2,8.7,,34.1
2023/10/29 20:00,5.3,9.7,,32.8
2023/10/29 21:00,4.6,9,,28.6
2023/10/29 22:00,4.6,8.9,,31.6
2023/10/29 23:00,4.8,10.4,,15.7
2023/10/30 0:00,5.5,12.8,,16.5
2023/10/30 1:00,6.1,13.2,,17.3
2023/10/30 2:00,6.9,14.8,,17.4
2023/10/30 3:00,7,15.3,,11.6
2023/10/30 4:00,6.4,12.9,,22
2023/10/30 5:00,6.8,14.1,,23.4
2023/10/30 6:00,6.9,14,,35.6
2023/10/30 7:00,8,16.2,,57.3
2023/10/30 8:00,9.6,20.6,,55.3
2023/10/30 9:00,8.8,23.4,,61.4
2023/10/30 10:00,5.3,11.9,,54.3
2023/10/30 11:00,5.2,12.3,,47.3
2023/10/30 12:00,6.9,17.2,,
2023/10/30 13:00,6.9,16.6,,45.6
2023/10/30 14:00,7.5,19.6,,47.3
2023/10/30 15:00,5.6,15.4,,45.7
2023/10/30 16:00,6.9,19.5,,60.1
2023/10/30 17:00,12.1,27,,62.5
2023/10/30 18:00,7.9,16.1,,56.5
2023/10/30 19:00,9.8,18.1,,58.1
2023/10/30 20:00,7.5,12.9,,54.9
2023/10/30 21:00,6,10.4,,55.4
2023/10/30 22:00,8.2,12.1,,63.3
2023/10/30 23:00,7,11.2,,54.1
2023/10/31 0:00,6.4,10.6,,41.9
2023/10/31 1:00,6.8,11.4,,39.6
2023/10/31 2:00,6.3,9.8,,36.7
2023/10/31 3:00,7.2,11.5,,51.2
2023/10/31 4:00,6.6,10.5,,52.3
2023/10/31 5:00,6.6,11,,54.3
2023/10/31 6:00,5.2,9.6,,47.7
2023/10/31 7:00,5.4,11.7,,57.5
2023/10/31 8:00,7.4,21.6,,65.3
2023/10/31 9:00,7.7,20.5,,56.6
2023/10/31 10:00,6.3,14.6,,48.3
2023/10/31 11:00,5.7,15.7,,44.7
2023/10/31 12:00,5.2,16.5,,38.6
2023/10/31 13:00,4,11.7,,61.4
2023/10/31 14:00,5.3,14.9,,37.5
2023/10/31 15:00,4.3,13.2,,42.5
2023/10/31 16:00,4.9,12.2,,44.6
2023/10/31 17:00,6.1,12.1,,61
2023/10/31 18:00,8.4,14.6,,65
2023/10/31 19:00,9.7,14.9,,57.2
2023/10/31 20:00,7.1,11.1,,48.7
2023/10/31 21:00,5.2,7.3,,50.4
2023/10/31 22:00,4.3,6.2,,41.7
2023/10/31 23:00,3,4.5,,36.4
2023/11/1 0:00,1.7,2.6,,24
2023/11/1 1:00,2.4,4.8,,23.8
2023/11/1 2:00,4.7,9.2,,21.1
2023/11/1 3:00,5.6,10.3,,12.4
2023/11/1 4:00,4.1,8.3,,10
2023/11/1 5:00,6.1,14.2,,14.9
2023/11/1 6:00,5.7,12.2,,15.5
2023/11/1 7:00,5.4,10.6,,25
2023/11/1 8:00,5.1,10,,34.7
2023/11/1 9:00,4.5,10.8,,43.8
2023/11/1 10:00,5.1,12.9,,44.6
2023/11/1 11:00,6.3,17.2,,39.4
2023/11/1 12:00,5.7,14.2,,35.6
2023/11/1 13:00,6.2,15.9,,35
2023/11/1 14:00,7.1,17.5,,39
2023/11/1 15:00,8,20.3,,35.5
2023/11/1 16:00,9.1,22.9,,37.2
2023/11/1 17:00,7.2,15.8,,41.4
2023/11/1 18:00,6.4,12.5,,41.8
2023/11/1 19:00,6.9,13.5,,39.7
2023/11/1 20:00,6.9,12.6,,32.5
2023/11/1 21:00,5.8,9.9,,24.8
2023/11/1 22:00,4.2,7.5,,22.8
2023/11/1 23:00,3.1,5.4,,12.8
2023/11/2 0:00,3.7,7,,12.1
2023/11/2 1:00,3.2,5.8,,6.6
2023/11/2 2:00,3.8,7,,9.3
2023/11/2 3:00,2,3.9,,8
2023/11/2 4:00,2.5,4.5,,13.1
2023/11/2 5:00,3.6,6,,15.4
2023/11/2 6:00,3.8,6.2,,26.1
2023/11/2 7:00,3.4,5.2,,43.6
2023/11/2 8:00,5.3,8.8,,61.2
2023/11/2 9:00,5.7,12.9,,57.5
2023/11/2 10:00,3.4,7.9,,41.5
2023/11/2 11:00,3.1,7.2,,43.2
2023/11/2 12:00,4.1,10.9,,48.7
2023/11/2 13:00,2.8,6.3,,38.2
2023/11/2 14:00,2.6,7,,40.1
2023/11/2 15:00,2.7,5.6,,47.5
2023/11/2 16:00,2.7,6.7,,51.6
2023/11/2 17:00,4.1,8.3,,35.3
2023/11/2 18:00,4.3,8.8,,32.5
2023/11/2 19:00,4.4,7.6,,33.3
2023/11/2 20:00,5,8.2,,26.8
2023/11/2 21:00,5.7,9.8,,22.2
2023/11/2 22:00,6.5,11,,30.1
2023/11/2 23:00,6.6,13.3,,29.3
2023/11/3 0:00,6.4,13.8,,22.3
2023/11/3 1:00,7.1,15.1,,19
2023/11/3 2:00,6.6,15.2,,10.3
2023/11/3 3:00,6.3,15.3,,8
2023/11/3 4:00,6,14,,6.4
2023/11/3 5:00,5.7,14.6,,10.6
2023/11/3 6:00,5.4,14.3,,16.3
2023/11/3 7:00,5.1,13.4,,24.7
2023/11/3 8:00,5.3,15.4,,38.8
2023/11/3 9:00,5.3,17.9,,31.6
2023/11/3 10:00,5,13.2,,34.4
2023/11/3 11:00,4.7,12.9,,34.8
2023/11/3 12:00,4.6,12.4,,35
2023/11/3 13:00,5.1,13,,35
2023/11/3 14:00,4.7,12.5,,33.4
2023/11/3 15:00,6.2,13.7,,33.8
2023/11/3 16:00,6.4,13.5,,54.7
2023/11/3 17:00,4.9,9.1,,59.6
2023/11/3 18:00,5.8,8.8,,56.8
2023/11/3 19:00,6.7,9.2,,61.2
2023/11/3 20:00,12.1,16,,47.9
2023/11/3 21:00,14.9,19.5,,37.3
2023/11/3 22:00,9.5,15.2,,37.2
2023/11/3 23:00,8.4,13.7,,30.1
2023/11/4 0:00,7.9,13.6,,28.6
2023/11/4 1:00,6.4,12,,26.5
2023/11/4 2:00,5.8,11.6,,28
2023/11/4 3:00,7.4,12.8,,33.9
2023/11/4 4:00,6.2,10.8,,38.7
2023/11/4 5:00,4.6,9,,27.3
2023/11/4 6:00,4.1,6.9,,22.3
2023/11/4 7:00,3.4,5.8,,17.5
2023/11/4 8:00,2.2,5.8,,16.6
2023/11/4 9:00,2.8,5.7,,22.4
2023/11/4 10:00,1.9,4.1,,24.9
2023/11/4 11:00,3.5,7,,40.7
2023/11/4 12:00,7.7,16.7,,31
2023/11/4 13:00,7.8,18.7,,27.3
2023/11/4 14:00,6.9,12.6,,38.9
2023/11/4 15:00,8.1,14.9,,26.6
2023/11/4 16:00,8.6,16.5,,22.8
2023/11/4 17:00,9.8,17.4,,32.9
2023/11/4 18:00,12.9,21.1,,36.2
2023/11/4 19:00,10.6,15.2,,41.1
2023/11/4 20:00,18.2,24.5,,47.5
2023/11/4 21:00,22.7,29.4,,58.5
2023/11/4 22:00,13.6,16,,61.4
2023/11/4 23:00,15.6,18.1,,64.3
2023/11/5 0:00,18,20.9,,69.5
2023/11/5 1:00,17.4,20,,54.8
2023/11/5 2:00,19.7,23.1,,43.9
2023/11/5 3:00,18.1,22.1,,39.3
2023/11/5 4:00,17.4,21.3,,31.9
2023/11/5 5:00,18.2,21.1,,25.2
2023/11/5 6:00,11.6,13.8,,17.7
2023/11/5 7:00,8,10.6,,19.4
2023/11/5 8:00,4.5,7,,15.9
2023/11/5 9:00,3.3,7.1,,17.6
2023/11/5 10:00,2.8,5.6,,20.8
2023/11/5 11:00,3,6.3,,25.3
2023/11/5 12:00,2.9,6.3,,17.5
2023/11/5 13:00,2.5,5.4,,25.6
2023/11/5 14:00,3.1,6.2,,27.7
2023/11/5 15:00,3.2,7,,20.7
2023/11/5 16:00,5.4,9.7,,25.5
2023/11/5 17:00,4.6,8.5,,36
2023/11/5 18:00,8.8,13,,32.6
2023/11/5 19:00,12.3,17,,29.7
2023/11/5 20:00,14.5,18.9,,32.6
2023/11/5 21:00,10.8,15.4,,22.5
2023/11/5 22:00,7.3,12.4,,20.6
2023/11/5 23:00,7.3,12,,16.1
2023/11/6 0:00,7.3,12.7,,18.5
2023/11/6 1:00,6.9,13.2,,12.8
2023/11/6 2:00,6.4,13.6,,9.5
2023/11/6 3:00,6.1,12.6,,10.1
2023/11/6 4:00,5.8,12.1,,12
2023/11/6 5:00,4.7,9.4,,15.8
2023/11/6 6:00,3.7,7.1,,21.6
2023/11/6 7:00,3.8,8.3,,29.4
2023/11/6 8:00,4.3,10,,40.2
2023/11/6 9:00,5.5,12.8,,37
2023/11/6 10:00,5.8,14.1,,34.8
2023/11/6 11:00,5.3,12.2,,27.7
2023/11/6 12:00,4.7,11.7,,28.7
2023/11/6 13:00,5.1,11.9,,31.3
2023/11/6 14:00,5.6,14.4,,35.6
2023/11/6 15:00,5.5,15,,
2023/11/6 16:00,5.5,13.5,,37.7
2023/11/6 17:00,5.9,11.8,,36.6
2023/11/6 18:00,5.8,12.1,,44.6
2023/11/6 19:00,9.6,17.6,,54.6
2023/11/6 20:00,7.2,11.9,,39
2023/11/6 21:00,7.6,12.4,,31
2023/11/6 22:00,7.4,12.7,,38.2
2023/11/6 23:00,6.5,12,,32.8
2023/11/7 0:00,6,11,,31.2
2023/11/7 1:00,5.3,9.1,,18.2
2023/11/7 2:00,4.9,8.8,,14.6
2023/11/7 3:00,4.4,7.2,,16
2023/11/7 4:00,4,7.3,,16.5
2023/11/7 5:00,3.8,6.9,,17.8
2023/11/7 6:00,3.8,7.3,,22.3
2023/11/7 7:00,4.1,7.7,,26.9
2023/11/7 8:00,5,11.8,,42
2023/11/7 9:00,5.2,14.7,,35.5
2023/11/7 10:00,5.2,13.2,,39.1
2023/11/7 11:00,6.9,16.1,,49.2
2023/11/7 12:00,6.2,15.3,,55.9
2023/11/7 13:00,5.5,13.4,,48.5
2023/11/7 14:00,6.4,16.5,,61.7
2023/11/7 15:00,5.6,13.7,,64.2
2023/11/7 16:00,6.9,18.3,,75.7
2023/11/7 17:00,7.2,16.7,,53.1
2023/11/7 18:00,7.1,13.1,,52.3
2023/11/7 19:00,8.3,15.7,,50.2
2023/11/7 20:00,12.8,20.1,,47.4
2023/11/7 21:00,8.4,14.3,,39.7
2023/11/7 22:00,7,13.5,,37.6
2023/11/7 23:00,6.2,12.6,,35
2023/11/8 0:00,5.6,11.8,,32.6
2023/11/8 1:00,4.6,9.3,,30.4
2023/11/8 2:00,4.1,8.5,,24.2
2023/11/8 3:00,4.4,9.1,,25
2023/11/8 4:00,5,10.8,,24.5
2023/11/8 5:00,4.5,9.7,,25.6
2023/11/8 6:00,4.9,9.6,,24.6
2023/11/8 7:00,6,10.4,,32.2
2023/11/8 8:00,5.1,9,,38.3
2023/11/8 9:00,2.8,6.2,,43.5
2023/11/8 10:00,2.2,5,,31.2
2023/11/8 11:00,1.8,4,,29.5
2023/11/8 12:00,2.4,5.1,,39.2
2023/11/8 13:00,3.1,6.7,,38.8
2023/11/8 14:00,4.3,8.6,,59.3
2023/11/8 15:00,5.4,11.6,,71.9
2023/11/8 16:00,6.3,17,,68.4
2023/11/8 17:00,8.3,16,,68.1
2023/11/8 18:00,12.3,19.1,,73.8
2023/11/8 19:00,11.2,20.2,,68
2023/11/8 20:00,14.7,26.2,,64.1
2023/11/8 21:00,14.4,26.8,,59.9
2023/11/8 22:00,12.8,24.6,,60.3
2023/11/8 23:00,10.9,20.8,,50
2023/11/9 0:00,11,21,,42.4
2023/11/9 1:00,9.6,20.3,,33.8
2023/11/9 2:00,8.8,19.4,,24.1
2023/11/9 3:00,8.7,21.3,,20.8
2023/11/9 4:00,8.4,18.4,,19.3
2023/11/9 5:00,8.5,16.6,,24.7
2023/11/9 6:00,5.9,10.4,,29.4
2023/11/9 7:00,6.2,10.6,,45.2
2023/11/9 8:00,5.5,11.3,,54.1
2023/11/9 9:00,5.1,13.2,,55.2
2023/11/9 10:00,4,9,,36.8
2023/11/9 11:00,4.2,11,,38.4
2023/11/9 12:00,4.5,11.6,,33
2023/11/9 13:00,5.2,13.5,,30.3
2023/11/9 14:00,8,21.5,,33.3
2023/11/9 15:00,4.7,11.6,,46.5
2023/11/9 16:00,5.8,12.8,,73.7
2023/11/9 17:00,9.3,16.7,,50.7
2023/11/9 18:00,6.9,12.3,,46.6
2023/11/9 19:00,4.3,6.7,,44.9
2023/11/9 20:00,6.3,10,,38
2023/11/9 21:00,5.7,9.2,,28.2
2023/11/9 22:00,4.4,7.4,,26.1
2023/11/9 23:00,3.1,6.4,,25.7
2023/11/10 0:00,4.1,8.4,,25.9
2023/11/10 1:00,5.1,12,,20.9
2023/11/10 2:00,6.2,16,,26.1
2023/11/10 3:00,6.5,15.2,,20
2023/11/10 4:00,6.1,14.2,,19.3
2023/11/10 5:00,4.1,8.7,,21.5
2023/11/10 6:00,1.7,5,,25.4
2023/11/10 7:00,2.4,7.4,,38.2
2023/11/10 8:00,4.9,11.7,,45.5
2023/11/10 9:00,5.8,13.5,,53.1
2023/11/10 10:00,6.1,13.6,,59.5
2023/11/10 11:00,5.5,9.4,,55.4
2023/11/10 12:00,7.3,12.8,,51.9
2023/11/10 13:00,9.5,16.7,,43.6
2023/11/10 14:00,9.2,16.2,,51.5
2023/11/10 15:00,6.5,13.5,,52.5
2023/11/10 16:00,7.4,15.2,,64.1
2023/11/10 17:00,6.8,13,,51
2023/11/10 18:00,9.5,15.4,,56.4
2023/11/10 19:00,11.9,18.2,,64.1
2023/11/10 20:00,13.5,18.8,,60.4
2023/11/10 21:00,14.7,19.3,,60.8
2023/11/10 22:00,12.5,16.9,,58.3
2023/11/10 23:00,10.9,15,,52.9
2023/11/11 0:00,8.2,12.7,,50.8
2023/11/11 1:00,7,11.5,,41.5
2023/11/11 2:00,6.6,10.5,,36.2
2023/11/11 3:00,6.6,10.3,,35.9
2023/11/11 4:00,6.6,10.4,,35.5
2023/11/11 5:00,6.6,9.7,,32
2023/11/11 6:00,6.1,9.7,,29.5
2023/11/11 7:00,6.2,9.8,,34.7
2023/11/11 8:00,6.4,12,,38.6
2023/11/11 9:00,6.7,13,,39.5
2023/11/11 10:00,6.1,12.4,,39.2
2023/11/11 11:00,6.3,13.3,,34.5
2023/11/11 12:00,4.5,10.4,,35.4
2023/11/11 13:00,4.3,8.5,,30
2023/11/11 14:00,5.3,10.9,,36
2023/11/11 15:00,5.2,16.1,,39.9
2023/11/11 16:00,7.4,21.5,,61.8
2023/11/11 17:00,6.4,16,,69.7
2023/11/11 18:00,10.8,19.2,,71.8
2023/11/11 19:00,13.6,19.9,,69.1
2023/11/11 20:00,23.5,33.9,,68.8
2023/11/11 21:00,28,36,,65.4
2023/11/11 22:00,24.9,31,,61.1
2023/11/11 23:00,17.9,22.8,,57.8
2023/11/12 0:00,26.3,33.3,,62.4
2023/11/12 1:00,22.7,28.4,,61.4
2023/11/12 2:00,18.5,23,,57.5
2023/11/12 3:00,15.8,20,,55.2
2023/11/12 4:00,11.4,15,,40.6
2023/11/12 5:00,12,14.8,,40.2
2023/11/12 6:00,12,14.7,,47.5
2023/11/12 7:00,9.6,12.2,,46.3
2023/11/12 8:00,8.7,12.4,,47.1
2023/11/12 9:00,10.2,13.7,,50.9
2023/11/12 10:00,13.8,18.7,,59.5
2023/11/12 11:00,12.2,16,,56.5
2023/11/12 12:00,10.3,13.8,,54.6
2023/11/12 13:00,7.4,11,,48.9
2023/11/12 14:00,4,7.2,,31.6
2023/11/12 15:00,4.4,7.3,,27.1
2023/11/12 16:00,5.1,8,,24.9
2023/11/12 17:00,6.4,8.9,,29.2
2023/11/12 18:00,7.4,9.5,,42.6
2023/11/12 19:00,6.7,8.1,,39.3
2023/11/12 20:00,10.7,12.5,,39.1
2023/11/12 21:00,14.5,17.2,,49.6
2023/11/12 22:00,16.4,20.5,,50.4
2023/11/12 23:00,15,20.3,,44.2
2023/11/13 0:00,11.4,18.7,,32
2023/11/13 1:00,10.1,16.2,,27.3
2023/11/13 2:00,8.8,12.9,,26.1
2023/11/13 3:00,6.7,9.7,,24.3
2023/11/13 4:00,4.9,6.4,,21.7
2023/11/13 5:00,1.9,2.6,,20.7
2023/11/13 6:00,2.2,4,,30.7
2023/11/13 7:00,3.3,5.4,,28.5
2023/11/13 8:00,3.1,5.7,,29.4
2023/11/13 9:00,3.6,6.7,,25.3
2023/11/13 10:00,7.4,13.9,,21.6
2023/11/13 11:00,7.1,16.2,,31.3
2023/11/13 12:00,7.6,18.7,,29.3
2023/11/13 13:00,7.5,18.3,,28.7
2023/11/13 14:00,7.6,17.9,,28.5
2023/11/13 15:00,8.2,18.4,,25.2
2023/11/13 16:00,8.6,19.9,,21.7
2023/11/13 17:00,9.1,19.7,,25.5
2023/11/13 18:00,11.6,21.5,,22.8
2023/11/13 19:00,10.9,20.3,,29
2023/11/13 20:00,12.5,23,,18.9
2023/11/13 21:00,25.1,39.7,,20.6
2023/11/13 22:00,18.8,31.2,,18.3
2023/11/13 23:00,12.9,24.6,,15
2023/11/14 0:00,12.4,23.8,,14.3
2023/11/14 1:00,12.4,23.1,,8.4
2023/11/14 2:00,12.7,24.1,,7.6
2023/11/14 3:00,13.1,25,,10.1
2023/11/14 4:00,12.8,23.6,,10.2
2023/11/14 5:00,12.6,23.9,,12.6
2023/11/14 6:00,15.1,28.2,,22.7
2023/11/14 7:00,14.8,28.5,,44.4
2023/11/14 8:00,14.8,32,,42.1
2023/11/14 9:00,15.3,31.7,,38.5
2023/11/14 10:00,14.3,28.7,,35.3
2023/11/14 11:00,14.7,25.8,,43.4
2023/11/14 12:00,5.7,10.1,,41.7
2023/11/14 13:00,4.3,7.8,24.8,46.4
2023/11/14 14:00,3.9,8.2,27.9,40.6
2023/11/14 15:00,3.5,7.3,28.2,42.6
2023/11/14 16:00,5.4,11.4,18.7,50.9
2023/11/14 17:00,10.7,17.9,12,56.2
2023/11/14 18:00,8.2,13.8,11.4,58.4
2023/11/14 19:00,8.8,14.3,13.7,54.2
2023/11/14 20:00,9.8,15.3,13.7,48.2
2023/11/14 21:00,8.8,15.5,19.8,39.3
2023/11/14 22:00,7.6,12.9,27.6,28.8
2023/11/14 23:00,7,13.1,26.7,25.8
2023/11/15 0:00,6.6,11.4,25,26.2
2023/11/15 1:00,6.2,11.4,32.7,17
2023/11/15 2:00,6.3,12.5,35.4,11.9
2023/11/15 3:00,5,9.9,37.2,10.3
2023/11/15 4:00,4.9,9.1,36.7,14.1
2023/11/15 5:00,5.6,10.9,35.7,15.9
2023/11/15 6:00,4.5,9,31.8,22.7
2023/11/15 7:00,4.9,10.7,28.4,24.7
2023/11/15 8:00,5.9,12.2,27.8,27.5
2023/11/15 9:00,6.7,17.7,25.9,34.2
2023/11/15 10:00,8.4,18.2,31.8,30.9
2023/11/15 11:00,6.2,15.8,35.5,28.3
2023/11/15 12:00,6.5,15.8,40.6,25.2
2023/11/15 13:00,6.4,16,43.7,25.7
2023/11/15 14:00,5.3,14.6,45.4,24.9
2023/11/15 15:00,5.7,15.7,38.4,35.7
2023/11/15 16:00,5.7,13.9,30.4,42.2
2023/11/15 17:00,7.8,17.2,18.7,54.5
2023/11/15 18:00,7.9,15.6,13.5,57.9
2023/11/15 19:00,9.8,17.6,13.1,57.3
2023/11/15 20:00,12.1,20.6,13.6,50.6
2023/11/15 21:00,11,19.8,11.2,50.7
2023/11/15 22:00,10.3,19,14.1,49.8
2023/11/15 23:00,9.9,18.3,20.7,36.8
2023/11/16 0:00,9.8,17.7,11.5,43.3
2023/11/16 1:00,9.4,17.1,12.6,39.8
2023/11/16 2:00,9.2,17.6,16.9,36.8
2023/11/16 3:00,8.3,16,20.1,31.6
2023/11/16 4:00,8.7,16.2,12,45
2023/11/16 5:00,8.2,14.9,10.3,44.4
2023/11/16 6:00,8.8,15.5,3.8,59.1
2023/11/16 7:00,8.6,15.2,5.5,63.1
2023/11/16 8:00,10.5,24.3,5,63.8
2023/11/16 9:00,11.5,26.3,4.3,66.9
2023/11/16 10:00,11.4,21.8,,
2023/11/16 11:00,14,26.2,7.1,53
2023/11/16 12:00,15.2,29.1,2.8,57.2
2023/11/16 13:00,14.5,23.8,5,49.1
2023/11/16 14:00,13.2,22.3,5.5,47.3
2023/11/16 15:00,14.2,26.2,4.8,48.8
2023/11/16 16:00,14,21.7,3.7,47.1
2023/11/16 17:00,15.1,20.9,6,45.8
2023/11/16 18:00,18.1,24.7,5.3,44.8
2023/11/16 19:00,21.3,26.8,4.6,49.3
2023/11/16 20:00,23.9,30.5,5,47.6
2023/11/16 21:00,21.3,28,5.4,46.5
2023/11/16 22:00,18.5,25.2,3.2,46.5
2023/11/16 23:00,14.6,20.8,3.1,41.3
2023/11/17 0:00,11.2,16.5,5.6,37.5
2023/11/17 1:00,7.5,10.8,14.7,35.1
2023/11/17 2:00,5.2,7.7,20.9,29.5
2023/11/17 3:00,4.2,6.5,31.1,19.2
2023/11/17 4:00,4.9,7.7,26.3,19.1
2023/11/17 5:00,5.9,8.6,19.3,27.1
2023/11/17 6:00,6.7,10.3,12.7,32.7
2023/11/17 7:00,7.5,12.7,5.6,43
2023/11/17 8:00,8.6,17.3,3.3,51.2
2023/11/17 9:00,9.3,22,5.4,58.2
2023/11/17 10:00,9.1,20.6,8.8,57.7
2023/11/17 11:00,11,23.7,14.8,51.4
2023/11/17 12:00,8.8,21.8,20,46.8
2023/11/17 13:00,9.4,21.2,23.9,40
2023/11/17 14:00,9,24.4,33.1,34.5
2023/11/17 15:00,9.3,25.9,21.3,46.3
2023/11/17 16:00,9.7,24.3,7.3,66.8
2023/11/17 17:00,11.6,26.1,1.4,74
2023/11/17 18:00,14.1,28.1,-0.3,75.5
2023/11/17 19:00,15.7,29.4,-0.4,71.7
2023/11/17 20:00,14.3,24.7,0.6,69.4
2023/11/17 21:00,15.4,25.3,1.8,69.4
2023/11/17 22:00,13.9,23.6,6.9,58.8
2023/11/17 23:00,9.6,17.6,18.3,51.5
2023/11/18 0:00,6.9,11.6,31.2,37.4
2023/11/18 1:00,5,7.6,44.6,21.4
2023/11/18 2:00,4.3,6.2,47,15.1
2023/11/18 3:00,3.2,4.7,39.7,16.6
2023/11/18 4:00,1.9,3.2,39.3,20.7
2023/11/18 5:00,0.9,1.7,41.2,17.4
2023/11/18 6:00,0.7,1.2,43.8,11.2
2023/11/18 7:00,0.8,1.5,38,16.1
2023/11/18 8:00,1,2.7,31.6,22.7
2023/11/18 9:00,1.5,4.1,30.7,20.2
2023/11/18 10:00,1.7,3.8,23.4,25.9
2023/11/18 11:00,2.3,5,15.4,31
2023/11/18 12:00,2,4.9,15.2,28.2
2023/11/18 13:00,2.8,4.8,12.9,30.1
2023/11/18 14:00,3.1,6,14.8,26.5
2023/11/18 15:00,4.4,8.2,18.9,27.9
2023/11/18 16:00,6.2,10.6,21.7,32.3
2023/11/18 17:00,13.8,20,28,32.7
2023/11/18 18:00,9,15,27.7,30.8
2023/11/18 19:00,11.2,18.8,29.2,28.5
2023/11/18 20:00,12.8,21,31.6,24.7
2023/11/18 21:00,14.3,23.8,33.7,29.4
2023/11/18 22:00,14.6,25.4,35,28.9
2023/11/18 23:00,14.8,26.3,38.4,25.8
2023/11/19 0:00,14.9,27.1,42.5,23
2023/11/19 1:00,14.7,26.8,48.4,16.3
2023/11/19 2:00,14,25.3,52.4,14.6
2023/11/19 3:00,13.2,24.2,57,10.1
2023/11/19 4:00,12.9,23.2,60.5,8.3
2023/11/19 5:00,13,24.6,60.1,9
2023/11/19 6:00,12.2,22.5,62.9,8.7
2023/11/19 7:00,11.2,20.9,58,11.9
2023/11/19 8:00,9.7,18.4,57.6,13.7
2023/11/19 9:00,8.8,16.4,57.9,12.9
2023/11/19 10:00,9.6,17.9,52.5,16.6
2023/11/19 11:00,7.3,13.6,56.4,16.8
2023/11/19 12:00,6.7,13.6,56.1,16
2023/11/19 13:00,5.5,11.4,56.4,14.4
2023/11/19 14:00,4.4,8.5,54.6,17.7
2023/11/19 15:00,3.4,6,49.9,18.8
2023/11/19 16:00,2.5,4.1,41.9,23.3
2023/11/19 17:00,3.5,6,41.3,23.4
2023/11/19 18:00,4.5,7.8,41.1,20.9
2023/11/19 19:00,5.9,10.4,40.1,23.1
2023/11/19 20:00,6.9,13.1,41.6,22
2023/11/19 21:00,7,12.7,43.8,19.6
2023/11/19 22:00,6.7,11.8,45.3,17.7
2023/11/19 23:00,7.5,14.2,47.9,12.3
2023/11/20 0:00,8.4,16.6,48.8,13.8
2023/11/20 1:00,8.1,16.2,49.7,11.2
2023/11/20 2:00,7.4,14.8,48,10.9
2023/11/20 3:00,7,14.1,49,11.2
2023/11/20 4:00,6.9,14.9,52.3,10
2023/11/20 5:00,7.6,16.8,48.9,14.7
2023/11/20 6:00,8.2,18.3,39.7,25.9
2023/11/20 7:00,8.5,17.9,26.4,41.9
2023/11/20 8:00,7.4,13.4,18.1,53.2
2023/11/20 9:00,7,14.2,11.7,65.3
2023/11/20 10:00,6.7,15.8,11.5,67.5
2023/11/20 11:00,8.3,16.1,13.2,62.2
2023/11/20 12:00,7.4,16.1,11.4,65.2
2023/11/20 13:00,9.5,18.9,13.9,60.8
2023/11/20 14:00,7.8,16.1,15.2,55.5
2023/11/20 15:00,8.1,20.1,13.3,59.5
2023/11/20 16:00,7.3,16.6,9.6,58.8
2023/11/20 17:00,7.3,13.4,14.8,44.3
2023/11/20 18:00,7.2,11.4,4.9,55.4
2023/11/20 19:00,9,14.8,3.5,55.4
2023/11/20 20:00,9.3,13,10.5,43.8
2023/11/20 21:00,6.9,10.1,23.3,31.5
2023/11/20 22:00,5.7,9.2,18.8,35.6
2023/11/20 23:00,4.9,7.6,17.3,34.8
2023/11/21 0:00,5.4,7.5,19.3,26.3
2023/11/21 1:00,4.8,6.1,16.6,21.6
2023/11/21 2:00,3.9,5.3,18.2,20.9
2023/11/21 3:00,2.4,3.5,20.3,17.8
2023/11/21 4:00,1.9,2.7,20.7,14.9
2023/11/21 5:00,2.5,3.7,17.8,17.8
2023/11/21 6:00,2.7,4.6,18.4,20
2023/11/21 7:00,4.3,7.3,17.3,21.7
2023/11/21 8:00,5.4,10.4,8.5,34.4
2023/11/21 9:00,5.7,11.9,6.3,40.2
2023/11/21 10:00,5.3,11.4,5.7,38.5
2023/11/21 11:00,4.4,11,5.6,46.6
2023/11/21 12:00,6.7,12.2,9.4,38.6
2023/11/21 13:00,6.4,9.8,7.4,40.7
2023/11/21 14:00,6.5,11.7,7.4,35.5
2023/11/21 15:00,8.2,15.4,8.9,41
2023/11/21 16:00,9.3,17.9,13.5,40.7
2023/11/21 17:00,9.9,17.8,12.6,41.8
2023/11/21 18:00,11.5,20.5,12.1,40.7
2023/11/21 19:00,11.5,19.8,11.7,37.6
2023/11/21 20:00,10,17.2,14.8,33.4
2023/11/21 21:00,9.5,16.7,18.6,29.8
2023/11/21 22:00,7.9,14.2,16.1,32.4
2023/11/21 23:00,6.8,12.9,20,26.2
2023/11/22 0:00,5.6,10.2,15.1,31.6
2023/11/22 1:00,5.1,9.8,16.6,30.6
2023/11/22 2:00,5,10.3,16.6,28.5
2023/11/22 3:00,5.3,10.1,15.1,29.2
2023/11/22 4:00,5,9.7,15.3,32.8
2023/11/22 5:00,6.5,12.1,1.6,42.3
2023/11/22 6:00,7,13.5,0.4,41.4
2023/11/22 7:00,8.8,16.5,0.3,37.8
2023/11/22 8:00,9.9,19.5,1.1,40.3
2023/11/22 9:00,11.1,24.5,1.3,49.2
2023/11/22 10:00,8.8,18.5,3.8,44
2023/11/22 11:00,9.3,18.7,5,46
2023/11/22 12:00,9.7,19.9,6,47.4
2023/11/22 13:00,9.7,19.1,9.3,40.6
2023/11/22 14:00,9.1,18.5,8.9,43.9
2023/11/22 15:00,11.1,22.6,2.1,58.6
2023/11/22 16:00,11,21.4,2.3,54.4
2023/11/22 17:00,10.7,20,2.1,55.9
2023/11/22 18:00,11.1,20.8,0.4,60.5
2023/11/22 19:00,10.5,16.9,4.5,54.9
2023/11/22 20:00,11.2,16.2,8,48
2023/11/22 21:00,11.6,16.6,7.5,45.1
2023/11/22 22:00,10.7,15.3,7.7,42
2023/11/22 23:00,10.2,14.7,4.7,44.1
2023/11/23 0:00,9.4,14,6,44.6
2023/11/23 1:00,8.7,13.2,5.1,40.2
2023/11/23 2:00,7.7,11.3,3.5,41.3
2023/11/23 3:00,4.5,8.1,18.2,28.7
2023/11/23 4:00,4.1,7.5,15.4,32.7
2023/11/23 5:00,4.6,8.2,16.6,30.2
2023/11/23 6:00,4.4,9.1,15.6,32.7
2023/11/23 7:00,6,12.4,7.2,42.3
2023/11/23 8:00,6.4,13.8,4.6,55
2023/11/23 9:00,6,14.2,19.1,45.1
2023/11/23 10:00,5.6,12.4,20.1,43.6
2023/11/23 11:00,5.3,13.8,23,54.7
2023/11/23 12:00,6.6,15.3,25.3,43.1
2023/11/23 13:00,8.7,18.8,21.3,52.9
2023/11/23 14:00,7.2,16.8,21.1,50.7
2023/11/23 15:00,7.1,16.9,15.4,58
2023/11/23 16:00,7.1,16.2,12.2,68.8
2023/11/23 17:00,8.8,15.9,13.1,58.9
2023/11/23 18:00,9.3,15.9,9.5,59.6
2023/11/23 19:00,10.4,17.4,8.2,61.9
2023/11/23 20:00,10.2,16.2,10.3,54.5
2023/11/23 21:00,9.9,16.1,10.2,53.7
2023/11/23 22:00,7.2,11.5,10.9,52.5
2023/11/23 23:00,4.1,8.2,39.8,29.3
2023/11/24 0:00,5.2,10.8,37.3,31.1
2023/11/24 1:00,6.8,13.7,40.4,29.4
2023/11/24 2:00,7.6,15.6,44.8,25.3
2023/11/24 3:00,7.9,16.6,44.7,24.9
2023/11/24 4:00,8.8,18,46.7,22.3
2023/11/24 5:00,9.2,19.1,45.7,24
2023/11/24 6:00,8.9,17.8,43.6,25.1
2023/11/24 7:00,9.2,19.6,35.1,34.5
2023/11/24 8:00,7,18.2,30.3,48.5
2023/11/24 9:00,6.6,17.5,32.3,50.1
2023/11/24 10:00,6,15.3,33.8,47
2023/11/24 11:00,6.1,16.9,28.6,45.9
2023/11/24 12:00,6.3,14.9,33.6,40.9
2023/11/24 13:00,6.9,12.8,26.1,51
2023/11/24 14:00,6.6,14.3,32.1,38.1
2023/11/24 15:00,7.2,13.2,22.8,51.9
2023/11/24 16:00,7.7,15.1,16.3,58.3
2023/11/24 17:00,8.3,16,15,52.9
2023/11/24 18:00,10.3,16.2,12.4,58.7
2023/11/24 19:00,9,14.2,13,57.2
2023/11/24 20:00,10.7,16.7,15.7,55.9
2023/11/24 21:00,10.8,17.5,15.7,55.6
2023/11/24 22:00,10.4,15.7,14.6,49.3
2023/11/24 23:00,6.8,11.9,17.2,44.6
2023/11/25 0:00,6.7,13.8,16.6,43.5
2023/11/25 1:00,7.1,14.5,10.3,46.2
2023/11/25 2:00,6.5,12.7,13.9,42.1
2023/11/25 3:00,6.5,12.2,18.1,35.8
2023/11/25 4:00,6.9,16.1,17.8,37.9
2023/11/25 5:00,6.1,10.9,19.2,34.2
2023/11/25 6:00,5.9,10.4,23.6,32.6
2023/11/25 7:00,6.4,13.7,17.6,39.2
2023/11/25 8:00,7.4,16.9,10,53.3
2023/11/25 9:00,8.9,22.6,13,50.8
2023/11/25 10:00,8.5,19.6,11.6,53.6
2023/11/25 11:00,7.4,17.7,20.4,48.6
2023/11/25 12:00,7.4,16.9,28.6,38.4
2023/11/25 13:00,7.7,14.3,27.7,38.5
2023/11/25 14:00,7.3,12.3,44.1,18.2
2023/11/25 15:00,8.5,15.3,36.8,25.6
2023/11/25 16:00,9,17.1,26.1,39.6
2023/11/25 17:00,12.2,20.8,17.3,46.2
2023/11/25 18:00,18.5,32,5.7,64
2023/11/25 19:00,18.8,28.1,1.5,70.6
2023/11/25 20:00,22.4,30.5,0.5,76.3
2023/11/25 21:00,22.3,30,0.6,72.3
2023/11/25 22:00,23,31,0.1,69.1
2023/11/25 23:00,22.4,29.5,0.1,64.9
2023/11/26 0:00,23.5,31.5,0.1,63
2023/11/26 1:00,25.3,32.2,-0.1,59.4
2023/11/26 2:00,24.8,31.7,-0.4,57.1
2023/11/26 3:00,24.2,30.7,-0.3,51.4
2023/11/26 4:00,23.6,29.1,-0.3,48.2
2023/11/26 5:00,21,26,0.5,46.8
2023/11/26 6:00,20.8,27.9,0.9,43.4
2023/11/26 7:00,18.9,24.2,0.5,45.3
2023/11/26 8:00,17.1,22.6,2.2,47.4
2023/11/26 9:00,15.5,21,4,47.5
2023/11/26 10:00,13.3,20.1,7.1,53
2023/11/26 11:00,12.3,18.6,11.8,47.7
2023/11/26 12:00,14.5,21.6,11,48.6
2023/11/26 13:00,12.5,19.1,13.4,44.6
2023/11/26 14:00,11,15.2,18.1,37.1
2023/11/26 15:00,12.6,16.5,10,45.5
2023/11/26 16:00,13.5,17,7.7,47.3
2023/11/26 17:00,11.7,15,14.7,40.2
2023/11/26 18:00,7.5,10.2,17.7,46.8
2023/11/26 19:00,5.7,7,12.1,52.4
2023/11/26 20:00,4.4,5.6,14.5,40.7
2023/11/26 21:00,5.3,6.6,7.5,45.2
2023/11/26 22:00,5.5,6.5,3.1,47.5
2023/11/26 23:00,6.6,7.9,2,50.9
2023/11/27 0:00,6.5,7.8,16.3,31.5
2023/11/27 1:00,5.2,7,22.7,21.9
2023/11/27 2:00,3.2,5,32,14.7
2023/11/27 3:00,2.5,4.6,35.2,13.7
2023/11/27 4:00,2.2,3.8,34.8,13.4
2023/11/27 5:00,3.1,4.9,27.3,19.6
2023/11/27 6:00,3.3,4.8,21.7,26.3
2023/11/27 7:00,3.9,6.3,14.6,36.9
2023/11/27 8:00,4.9,9.1,9.4,46.1
2023/11/27 9:00,5.9,10.4,5.9,49.5
2023/11/27 10:00,6.4,11.8,10.1,49.3
2023/11/27 11:00,6.3,12.1,11.7,56.5
2023/11/27 12:00,6.6,12.6,8.4,52.5
2023/11/27 13:00,6.2,9.2,8.1,37.2
2023/11/27 14:00,6.8,9.9,18.2,42
2023/11/27 15:00,6.9,9.8,19.6,40
2023/11/27 16:00,5,7,14.8,49.2
2023/11/27 17:00,6.7,8.8,10.7,47.5
2023/11/27 18:00,9.7,12.1,14.1,50.2
2023/11/27 19:00,12.9,15.2,13.3,50.2
2023/11/27 20:00,13.4,15.9,14.9,46.4
2023/11/27 21:00,11.4,13.7,17.4,41.3
2023/11/27 22:00,7,8.9,21,39
2023/11/27 23:00,6.4,9.3,21.2,38.9
2023/11/28 0:00,4.6,6.7,34.1,27.2
2023/11/28 1:00,5,8.6,32.6,20.3
2023/11/28 2:00,4.9,8.1,25.8,25.6
2023/11/28 3:00,4.6,9.2,25.2,23.2
2023/11/28 4:00,4.7,9,22,26.3
2023/11/28 5:00,4.8,10.5,24.1,24.4
2023/11/28 6:00,4.3,9.2,16.9,34.2
2023/11/28 7:00,4.8,10.9,14.4,42.7
2023/11/28 8:00,5.9,15.4,8.8,48.8
2023/11/28 9:00,6.2,14.5,8.1,55.8
2023/11/28 10:00,8.9,16.8,13.8,46.7
2023/11/28 11:00,6.4,16.3,14.6,42.3
2023/11/28 12:00,7.1,15.7,12.6,55.5
2023/11/28 13:00,7.9,15.8,13.9,52.6
2023/11/28 14:00,8.3,17.3,10.5,57.3
2023/11/28 15:00,9.2,21.2,12,60.7
2023/11/28 16:00,10.4,23.1,5.6,58.5
2023/11/28 17:00,11.8,21.8,2.1,64.4
2023/11/28 18:00,12,21.4,0.2,68.9
2023/11/28 19:00,12.3,21.5,0.4,66
2023/11/28 20:00,13.9,21.4,0.6,67.6
2023/11/28 21:00,13.5,19.5,0.3,61.4
2023/11/28 22:00,13,20.3,0.6,59.1
2023/11/28 23:00,12,18.6,0.8,54.7
2023/11/29 0:00,11.1,17.1,2.4,45.8
2023/11/29 1:00,11.1,16.4,2.7,42.7
2023/11/29 2:00,10.6,16.4,6.2,36.3
2023/11/29 3:00,10.6,15.5,4.8,37.6
2023/11/29 4:00,11.6,16.2,2.8,39.2
2023/11/29 5:00,11,14.6,7.4,36.4
2023/11/29 6:00,9.5,13.2,12.5,37.3
2023/11/29 7:00,11.7,16.5,7.5,42
2023/11/29 8:00,13.7,20.5,6.9,42
2023/11/29 9:00,11.5,20.3,10,53.6
2023/11/29 10:00,17,29.5,5.2,56.7
2023/11/29 11:00,14.9,28.8,7.2,56.7
2023/11/29 12:00,11.9,28.1,13.6,53.2
2023/11/29 13:00,13.4,22.7,13,52
2023/11/29 14:00,11.9,21.2,12.7,50.6
2023/11/29 15:00,8.9,17.6,15,56.8
2023/11/29 16:00,8.8,16.4,19.4,51.1
2023/11/29 17:00,11.6,19,19.4,45.7
2023/11/29 18:00,14.4,22.6,6.7,62.2
2023/11/29 19:00,13.7,20.3,6.1,61.9
2023/11/29 20:00,17.8,25.2,4.9,62.1
2023/11/29 21:00,19.9,26.3,1.1,65.9
2023/11/29 22:00,14.5,19.9,4.6,59.2
2023/11/29 23:00,18.2,24.2,1.5,59
2023/11/30 0:00,18.1,23.7,1.4,51.9
2023/11/30 1:00,17.7,22.7,1.5,53.5
2023/11/30 2:00,17.9,22.4,2.8,43.9
2023/11/30 3:00,18.7,22.8,3,40.6
2023/11/30 4:00,18.9,22.7,1.3,43.1
2023/11/30 5:00,19.5,24.1,1.7,40.6
2023/11/30 6:00,20.3,24.6,0.7,38
2023/11/30 7:00,17.9,21.4,1.1,41.6
2023/11/30 8:00,16.7,25.1,2.9,46.2
2023/11/30 9:00,17.9,28.7,3.5,48.6
2023/11/30 10:00,14.2,20.6,7.9,49.1
2023/11/30 11:00,11.7,20.9,11.2,48.4
2023/11/30 12:00,10.6,19.8,14.1,43.4
2023/11/30 13:00,9.6,17.4,18.5,38.8
2023/11/30 14:00,8.4,15.7,15.3,44.8
2023/11/30 15:00,7.7,14.2,15.3,37.4
2023/11/30 16:00,9.1,15.3,9.1,40.7
2023/11/30 17:00,14.2,20.4,3,46.1
2023/11/30 18:00,16.6,22.1,1.7,47.8
2023/11/30 19:00,15.4,20.3,1.7,45.9
2023/11/30 20:00,15.3,19.9,1.3,43
2023/11/30 21:00,12.8,17.1,2.5,42
2023/11/30 22:00,11.6,16.4,4,36.5
2023/11/30 23:00,10.1,14,4.4,37.1
2023/12/1 0:00,9.3,13.6,4.4,39.3
2023/12/1 1:00,8.8,12.1,7.5,35
2023/12/1 2:00,10,13.6,9.2,28.4
2023/12/1 3:00,9.5,13.2,8.6,29.3
2023/12/1 4:00,9.5,12.3,10.7,29.8
2023/12/1 5:00,12.1,15.1,11.2,27.7
2023/12/1 6:00,13.2,16.8,11.5,26.7
2023/12/1 7:00,14.2,17.8,8.1,31.4
2023/12/1 8:00,12.2,17.5,8.4,34.5
2023/12/1 9:00,12.3,18.7,9.3,34.5
2023/12/1 10:00,13.7,20,8.3,37.9
2023/12/1 11:00,13.7,19.5,6.8,39.1
2023/12/1 12:00,16.6,24.4,9.2,36.9
2023/12/1 13:00,18.5,28.3,7.9,43.6
2023/12/1 14:00,15.5,24,7.9,42.7
2023/12/1 15:00,15.4,23.8,5,47.1
2023/12/1 16:00,15.1,22.2,1.9,47.3
2023/12/1 17:00,17.9,24,1,47
2023/12/1 18:00,18.6,23.9,0.8,50.6
2023/12/1 19:00,19.8,23.7,1.5,50.4
2023/12/1 20:00,23.4,28,2.3,45.8
2023/12/1 21:00,23.4,27,2.7,43.1
2023/12/1 22:00,18.2,20.8,6.1,39.1
2023/12/1 23:00,14.3,16.9,9.7,34.7
2023/12/2 0:00,10.4,13,14.1,29.5
2023/12/2 1:00,10.2,12.8,14.9,27.6
2023/12/2 2:00,9.3,12.4,16.5,23.9
2023/12/2 3:00,10,13,15.3,25.6
2023/12/2 4:00,10.1,13.7,17.5,23.8
2023/12/2 5:00,10.9,15.2,17.3,22
2023/12/2 6:00,11.9,16.7,17.6,22.9
2023/12/2 7:00,12.3,16.3,13,29
2023/12/2 8:00,12.7,19,10.7,29.7
2023/12/2 9:00,12.9,21.2,7.5,36.7
2023/12/2 10:00,14.9,25.4,6.5,35.9
2023/12/2 11:00,15.6,26.1,6,38.2
2023/12/2 12:00,20.5,33.1,5.1,41
2023/12/2 13:00,25.5,35.4,3.1,51.8
2023/12/2 14:00,21.1,32,4.4,47.2
2023/12/2 15:00,20.5,29.4,2,43.9
2023/12/2 16:00,18.8,23.7,1.5,45.7
2023/12/2 17:00,21.7,27.4,-0.1,56.1
2023/12/2 18:00,21.3,25.4,-0.1,50.9
2023/12/2 19:00,26,30,0.1,52.5
2023/12/2 20:00,32.5,36.7,0,54.2
2023/12/2 21:00,26.6,30.3,0,49.8
2023/12/2 22:00,28.2,32.5,0,53.4
2023/12/2 23:00,21.1,24.5,0,51.8
2023/12/3 0:00,15.4,17.8,0.2,47.7
2023/12/3 1:00,13.8,16.7,0,47.8
2023/12/3 2:00,13.1,16.7,0.2,45.1
2023/12/3 3:00,10.8,14.1,1.5,44.3
2023/12/3 4:00,7.3,12.5,20.9,31.2
2023/12/3 5:00,5,8.2,39,16.9
2023/12/3 6:00,5.1,7,38.3,10.5
2023/12/3 7:00,5.5,10.1,34.8,13.8
2023/12/3 8:00,8.8,19.9,29.4,18.7
2023/12/3 9:00,10.5,22.5,22.1,22.3
2023/12/3 10:00,12.7,22.6,7,37.7
2023/12/3 11:00,13.3,18.1,4.5,54.1
2023/12/3 12:00,6.3,9,16.9,43.1
2023/12/3 13:00,4.2,6.8,23.5,37.8
2023/12/3 14:00,4.6,7.5,23.8,35.8
2023/12/3 15:00,4.2,7.4,30.2,30.1
2023/12/3 16:00,4.8,8.1,25.8,55.5
2023/12/3 17:00,4.3,6.5,22.6,44.5
2023/12/3 18:00,8.1,12.3,9.3,58.2
2023/12/3 19:00,10.8,17.2,5.4,55.6
2023/12/3 20:00,12.4,18.7,6.9,47.3
2023/12/3 21:00,10.5,14.8,17.6,29.6
2023/12/3 22:00,8,10.5,23.1,22.8
2023/12/3 23:00,5.2,6.9,32.3,17
2023/12/4 0:00,5.9,7.5,36.1,12.4
2023/12/4 1:00,6,7.4,36.4,13.4
2023/12/4 2:00,4.8,6.2,37.7,15.4
2023/12/4 3:00,3.3,4.5,42.6,15.4
2023/12/4 4:00,2.7,4.3,48.6,13.5
2023/12/4 5:00,3,4.8,45.3,11.6
2023/12/4 6:00,2.4,3.5,39.8,15.3
2023/12/4 7:00,2.9,4.6,25.4,29.5
2023/12/4 8:00,4.4,8.5,14.9,38
2023/12/4 9:00,5.7,13,12.5,38.1
2023/12/4 10:00,4.7,10.7,,
2023/12/4 11:00,6.8,16.5,9.3,43.3
2023/12/4 12:00,7,14.8,8.6,44.5
2023/12/4 13:00,7.2,13.8,15,39.2
2023/12/4 14:00,8.6,14.8,7.5,48.5
2023/12/4 15:00,9.2,14.8,5.5,48.1
2023/12/4 16:00,10.8,18.3,4.9,50.8
2023/12/4 17:00,11.3,14.4,7.6,49.8
2023/12/4 18:00,12,14.2,7.8,53.6
2023/12/4 19:00,15.2,17.6,12,40.8
2023/12/4 20:00,16.1,18.4,11.6,41
2023/12/4 21:00,17.4,20.2,11.8,38.2
2023/12/4 22:00,14.2,17.1,7.8,41.2
2023/12/4 23:00,12.7,14.7,12.7,35
2023/12/5 0:00,10.8,12.8,13.5,30.4
2023/12/5 1:00,6.9,8.2,10.1,28.7
2023/12/5 2:00,5.2,6.4,13,24.5
2023/12/5 3:00,4.9,6.1,12.1,25.2
2023/12/5 4:00,5.7,6.7,12.1,26.2
2023/12/5 5:00,7,8.4,11.4,25.8
2023/12/5 6:00,9,10.8,10.4,32.1
2023/12/5 7:00,10.3,12.6,12.4,33.6
2023/12/5 8:00,13,19.3,10.4,43.4
2023/12/5 9:00,12.8,20,12.5,47.2
2023/12/5 10:00,13.2,19.9,9.8,54.8
2023/12/5 11:00,12.4,19.8,9.3,55.8
2023/12/5 12:00,13.7,21.7,9.5,54.3
2023/12/5 13:00,14.4,22.9,13.5,52.9
2023/12/5 14:00,14.7,23.4,12.2,54.9
2023/12/5 15:00,10.4,19.4,11.3,62.3
2023/12/5 16:00,10,16,5.7,61.8
2023/12/5 17:00,12.3,18.9,5.6,69
2023/12/5 18:00,11.2,15.6,8.5,57.1
2023/12/5 19:00,12.9,17.5,7.6,58.8
2023/12/5 20:00,14.3,18.3,10.3,46.6
2023/12/5 21:00,12.4,16.6,14.5,39.3
2023/12/5 22:00,15,20.8,20.9,33.8
2023/12/5 23:00,8.2,12.4,16.9,34
2023/12/6 0:00,6.7,11.9,16.6,34
2023/12/6 1:00,6.2,11.8,16.3,36.5
2023/12/6 2:00,7.5,12.7,13.3,35.6
2023/12/6 3:00,8.4,13.9,13.1,31
2023/12/6 4:00,8.1,14.1,11,33.4
2023/12/6 5:00,9.3,15.5,2.7,38.9
2023/12/6 6:00,10.2,16.8,2.8,44.9
2023/12/6 7:00,13.9,21.5,0.6,42.3
2023/12/6 8:00,14.2,23.3,0.9,44.9
2023/12/6 9:00,16.4,30.7,1.2,50.5
2023/12/6 10:00,21.4,38.2,2.8,62.2
2023/12/6 11:00,20.1,37.4,2.5,60.5
2023/12/6 12:00,19.2,35.9,2.9,61.5
2023/12/6 13:00,17.2,30,3.4,62.6
2023/12/6 14:00,11.1,20.8,10.5,54.2
2023/12/6 15:00,12.1,25.1,6,58
2023/12/6 16:00,12.5,24.3,2.1,58.5
2023/12/6 17:00,12.9,23.2,1.2,60.3
2023/12/6 18:00,13,19.2,1.5,56.7
2023/12/6 19:00,14.8,20.3,1.8,53.3
2023/12/6 20:00,12.6,18.4,2.8,55.1
2023/12/6 21:00,11.5,16.1,2.9,52.5
2023/12/6 22:00,10.4,14.1,5.2,51.1
2023/12/6 23:00,9.4,13.3,8.1,46
2023/12/7 0:00,9.5,14.3,10,43.6
2023/12/7 1:00,8.6,13.4,23,33.4
2023/12/7 2:00,7.8,12.3,36.1,20.9
2023/12/7 3:00,7.8,12.5,34.8,21.7
2023/12/7 4:00,7.1,10.8,41.2,14.9
2023/12/7 5:00,6.4,9.3,39.6,16.1
2023/12/7 6:00,7.9,10.7,31.9,19.6
2023/12/7 7:00,9.6,13.3,28.9,22.6
2023/12/7 8:00,9.7,16.6,26.5,25.1
2023/12/7 9:00,8.6,14.7,26.9,24.7
2023/12/7 10:00,7.4,12.9,27.6,28.1
2023/12/7 11:00,7.5,15.1,29.4,27.6
2023/12/7 12:00,6.9,14,30.7,29.7
2023/12/7 13:00,7.5,13.5,33.8,25.2
2023/12/7 14:00,7.4,13.4,28.6,27.8
2023/12/7 15:00,6.9,11.1,28.8,32.2
2023/12/7 16:00,6.7,10.3,29.5,28.6
2023/12/7 17:00,4.7,6.5,34.2,25.1
2023/12/7 18:00,3.7,5.3,41,28
2023/12/7 19:00,5,6.8,34.1,37
2023/12/7 20:00,3.5,4.8,31.1,29.2
2023/12/7 21:00,7.4,9.9,25.4,27.8
2023/12/7 22:00,9,14,17.1,32.6
2023/12/7 23:00,9.5,14.7,6.7,45.9
2023/12/8 0:00,10.1,15.9,3,49.1
2023/12/8 1:00,10.1,17.4,15.6,33.3
2023/12/8 2:00,11.1,20,19.4,27.2
2023/12/8 3:00,11.8,21.6,27.4,27
2023/12/8 4:00,12.7,23.9,24,38
2023/12/8 5:00,13.2,25.8,27,35.5
2023/12/8 6:00,13.5,26.7,21,44.6
2023/12/8 7:00,14.7,26.7,11.4,55.1
2023/12/8 8:00,17.4,32.5,4.5,67.4
2023/12/8 9:00,13.1,30.6,9.7,67
2023/12/8 10:00,18.1,32.7,14.4,67
2023/12/8 11:00,12.3,28,32.1,44.2
2023/12/8 12:00,13.4,26.8,34.3,40
2023/12/8 13:00,12.7,27.3,30,46.6
2023/12/8 14:00,13.2,28.1,29.4,42.5
2023/12/8 15:00,13.1,28.6,23.7,46.6
2023/12/8 16:00,13.3,28.3,16.1,69.3
2023/12/8 17:00,15.3,30.6,18.1,64.5
2023/12/8 18:00,16,33.9,21.3,57.8
2023/12/8 19:00,18.9,34.5,21.5,59
2023/12/8 20:00,16.5,30.8,21.9,56.9
2023/12/8 21:00,12.4,24.4,28.5,49.6
2023/12/8 22:00,11.1,20.7,27.2,50.4
2023/12/8 23:00,8.6,17.9,30,47.9
2023/12/9 0:00,5.8,14.5,40.1,39.2
2023/12/9 1:00,4.9,11.5,55.1,19
2023/12/9 2:00,5.8,13.8,51.6,20.8
2023/12/9 3:00,7.6,16.6,52.7,21.2
2023/12/9 4:00,5.8,10.2,62,14.3
2023/12/9 5:00,5.1,8,60.9,13.6
2023/12/9 6:00,3.3,5.2,60.9,11.6
2023/12/9 7:00,1.7,2.7,59.6,12.2
2023/12/9 8:00,1.2,2.4,56.1,12.4
2023/12/9 9:00,1.1,2.7,45.4,22.5
2023/12/9 10:00,1.1,2.3,37,28.7
2023/12/9 11:00,1.7,4.1,33.8,29.1
2023/12/9 12:00,1.7,3.6,38.1,21.9
2023/12/9 13:00,4.3,8.3,41,35.3
2023/12/9 14:00,9.6,18.6,55,23.5
2023/12/9 15:00,11.2,21.4,57.7,20
2023/12/9 16:00,14.3,29.3,48.7,29.6
2023/12/9 17:00,14.1,26.7,41.7,43
2023/12/9 18:00,13.8,27.4,40.7,46.8
2023/12/9 19:00,15.2,28.8,43,45.4
2023/12/9 20:00,11.5,21.9,44.6,44.8
2023/12/9 21:00,11.4,21.1,45.2,43.4
2023/12/9 22:00,29.7,41,42.4,42.8
2023/12/9 23:00,10.6,20.1,47.3,39.7
2023/12/10 0:00,9.7,18.7,54.6,28.3
2023/12/10 1:00,9.6,19.2,59.4,19.6
2023/12/10 2:00,9.1,18.1,57.1,20.5
2023/12/10 3:00,8.8,17.7,57.7,19.1
2023/12/10 4:00,8.7,18.3,51.3,23.6
2023/12/10 5:00,7.2,14.9,52.2,21.7
2023/12/10 6:00,6.6,14.3,60.9,13.1
2023/12/10 7:00,9,20.7,46.1,24
2023/12/10 8:00,12.1,24.7,34.4,34.4
2023/12/10 9:00,13.2,26.7,40,30.9
2023/12/10 10:00,14.1,29.4,51.9,21.9
2023/12/10 11:00,10.8,19.8,55.9,22.1
2023/12/10 12:00,8.8,15.2,50.3,27.2
2023/12/10 13:00,3,4.3,47.7,22.1
2023/12/10 14:00,1.4,2.2,42.8,28.4
2023/12/10 15:00,2.4,3.5,33.8,31
2023/12/10 16:00,8.3,16.6,34,46.8
2023/12/10 17:00,11.7,22.7,40.3,48.3
2023/12/10 18:00,11.2,19.7,36.9,42.9
2023/12/10 19:00,11.7,21.1,44.7,36.1
2023/12/10 20:00,12.9,22.7,44.7,34.4
2023/12/10 21:00,13.5,24.5,56,22.2
2023/12/10 22:00,11.9,22.9,64.9,16.2
2023/12/10 23:00,10.7,20.8,67.5,11.2
2023/12/11 0:00,8.6,15.8,70,8
2023/12/11 1:00,7.4,13.3,73.3,6
2023/12/11 2:00,7.6,14.1,71.9,7.8
2023/12/11 3:00,8.1,15.8,72.2,9.1
2023/12/11 4:00,8.1,16,68.1,12.2
2023/12/11 5:00,7.3,15,62,17.7
2023/12/11 6:00,6.3,12.3,54.6,25.8
2023/12/11 7:00,6.5,13.7,32,46.9
2023/12/11 8:00,6.3,16,24.6,52.9
2023/12/11 9:00,6.5,17.8,20.8,60.3
2023/12/11 10:00,6.1,13.6,22.3,57.8
2023/12/11 11:00,5.2,12.2,26.3,62.1
2023/12/11 12:00,6.2,15.2,26.5,58.9
2023/12/11 13:00,6.8,16.1,37,49.4
2023/12/11 14:00,8.5,21.3,23.1,57.3
2023/12/11 15:00,6.7,17.2,21.9,62
2023/12/11 16:00,9.6,22.7,13,81.6
2023/12/11 17:00,9.3,19.9,3.3,85.7
2023/12/11 18:00,11.5,21.8,1.6,84.9
2023/12/11 19:00,17,26.9,1.8,79.9
2023/12/11 20:00,13.9,23.5,4.4,73.4
2023/12/11 21:00,13.7,24.6,10.6,60.5
2023/12/11 22:00,14.6,23.9,13.3,52.7
2023/12/11 23:00,15.5,23.5,6.5,56.6
2023/12/12 0:00,13.1,17.6,7.9,49.8
2023/12/12 1:00,8.9,11.6,28.5,28.3
2023/12/12 2:00,5.1,7.1,38.9,16.3
2023/12/12 3:00,4.7,6.6,41.2,13.7
2023/12/12 4:00,5.6,7.7,30.1,21.4
2023/12/12 5:00,3.2,5.1,32.8,24.7
2023/12/12 6:00,2.7,4.1,30,39
2023/12/12 7:00,4.6,6.4,13.2,58.8
2023/12/12 8:00,6.9,12.6,2.7,68.7
2023/12/12 9:00,7.8,17.7,6,71.5
2023/12/12 10:00,11.4,21.7,14,58.1
2023/12/12 11:00,12.3,20.1,27.4,60.3
2023/12/12 12:00,5.3,10.3,23.1,74.5
2023/12/12 13:00,5.2,9.5,29,51.6
2023/12/12 14:00,5.8,9.6,25.8,71.1
2023/12/12 15:00,4.3,7.4,19.2,64
2023/12/12 16:00,7.5,13.3,12.7,71
2023/12/12 17:00,8.2,14.5,14.2,69.7
2023/12/12 18:00,8.3,14.1,11.8,71.8
2023/12/12 19:00,9.7,15.6,17.6,61.8
2023/12/12 20:00,7.7,12,26.8,45.2
2023/12/12 21:00,6,9.2,33.9,37
2023/12/12 22:00,5.8,9.1,37.9,28.2
2023/12/12 23:00,5,8,36,27.6
2023/12/13 0:00,5,7.8,31,30.7
2023/12/13 1:00,6.4,9.2,23.9,29.7
2023/12/13 2:00,7,9.3,20.3,34.1
2023/12/13 3:00,11.7,15,26.5,23.6
2023/12/13 4:00,11.7,15.2,25.1,27.5
2023/12/13 5:00,10.1,12.4,25.1,24.7
2023/12/13 6:00,9.2,11.5,21.1,31.6
2023/12/13 7:00,7.9,10.4,18.7,37.1
2023/12/13 8:00,6.5,13.4,12.2,44.4
2023/12/13 9:00,9.1,20.6,7.7,49.9
2023/12/13 10:00,6.2,10.2,8.6,44.7
2023/12/13 11:00,5.4,12.1,6.9,41.1
2023/12/13 12:00,6.1,11.9,6,44.8
2023/12/13 13:00,7.2,11.6,4.1,39.6
2023/12/13 14:00,7.2,13.6,5.7,40.4
2023/12/13 15:00,6.3,11,9.5,34.3
2023/12/13 16:00,6.4,11.7,11,38.4
2023/12/13 17:00,7.4,10.8,10.7,36.2
2023/12/13 18:00,8.9,11.9,7.2,38.8
2023/12/13 19:00,9.5,12.9,10,39.8
2023/12/13 20:00,8.8,11.9,9.5,43.9
2023/12/13 21:00,8.3,12.7,18.4,33.9
2023/12/13 22:00,8,12.2,18.3,32.5
2023/12/13 23:00,6.2,11.1,18.8,28.7
2023/12/14 0:00,5.7,9.6,17.1,31.2
2023/12/14 1:00,6.2,10.5,20.7,24.1
2023/12/14 2:00,6.7,11.5,19.3,25.2
2023/12/14 3:00,7,11.2,18.6,23.7
2023/12/14 4:00,8,12.1,18.1,26.3
2023/12/14 5:00,7.7,11.5,14,29
2023/12/14 6:00,7.5,12.3,7.8,37.3
2023/12/14 7:00,8.8,14.5,2.7,45.8
2023/12/14 8:00,9.2,15.9,1.7,50.6
2023/12/14 9:00,9,18.4,2.7,54.4
2023/12/14 10:00,8.7,16.2,3.8,67.3
2023/12/14 11:00,7.5,14,9.7,47.8
2023/12/14 12:00,7.6,14.5,9.1,46.2
2023/12/14 13:00,10.9,16.5,7.9,51
2023/12/14 14:00,12.1,18.5,4.6,48.5
2023/12/14 15:00,10.9,17.2,3.1,53
2023/12/14 16:00,12,17.4,1.3,52.5
2023/12/14 17:00,11.9,17.5,1.3,69.5
2023/12/14 18:00,12.8,17.6,0.9,65.8
2023/12/14 19:00,15.7,20.1,1,64
2023/12/14 20:00,18.8,22.7,0.7,64.3
2023/12/14 21:00,17.8,23,1.2,57.8
2023/12/14 22:00,18.9,23.9,0.9,55.8
2023/12/14 23:00,17.6,24,1,56
2023/12/15 0:00,15.8,22.9,0.8,49.5
2023/12/15 1:00,14.9,24.6,0.8,50.2
2023/12/15 2:00,14.2,24.6,0.7,52.3
2023/12/15 3:00,13.2,22.9,1,51.2
2023/12/15 4:00,11.7,20.4,1.5,46.8
2023/12/15 5:00,11.7,21.1,1.8,44.8
2023/12/15 6:00,11,20.3,3.4,42.8
2023/12/15 7:00,12,21.5,1.8,46.8
2023/12/15 8:00,11,22.2,1.3,52
2023/12/15 9:00,12.4,28.5,1.8,60.9
2023/12/15 10:00,13,29.3,1.3,71.1
2023/12/15 11:00,13,26.9,1.8,70.2
2023/12/15 12:00,13.3,27.6,1.9,68.2
2023/12/15 13:00,13.3,29.1,1.8,67.4
2023/12/15 14:00,14.1,28.6,4.7,62.9
2023/12/15 15:00,14.5,27.4,5.4,61.9
2023/12/15 16:00,12.8,24.8,7.7,56.7
2023/12/15 17:00,13.8,24.9,7.3,56.4
2023/12/15 18:00,14.2,23.7,9,55.2
2023/12/15 19:00,14.8,23.5,8.2,57.4
2023/12/15 20:00,14.4,23.5,13.4,51.2
2023/12/15 21:00,14.3,23.1,14.5,52.2
2023/12/15 22:00,13.6,22.1,12.1,52.2
2023/12/15 23:00,12.9,21.4,22.3,40.7
2023/12/16 0:00,12.7,20.3,19.7,38.5
2023/12/16 1:00,13.7,19.2,24.7,33.4
2023/12/16 2:00,6.9,10.8,37.5,20
2023/12/16 3:00,4.3,6.7,42.2,18
2023/12/16 4:00,2.9,4.5,47.4,13.1
2023/12/16 5:00,2.6,3.7,44.3,13.1
2023/12/16 6:00,1.9,2.4,42.8,13.9
2023/12/16 7:00,1.6,2.7,41.5,15
2023/12/16 8:00,1.8,4,38.6,20.7
2023/12/16 9:00,1.9,3.7,37.1,23.7
2023/12/16 10:00,1.5,3.5,36.1,26.6
2023/12/16 11:00,1.6,4.3,35.6,26
2023/12/16 12:00,1.9,3.9,32.2,30.5
2023/12/16 13:00,2,3.8,34.1,29.2
2023/12/16 14:00,2.8,5.5,35,27.9
2023/12/16 15:00,2.4,4.3,34.7,26.8
2023/12/16 16:00,2.8,5.7,32.4,29.5
2023/12/16 17:00,3.6,6,31.9,31.9
2023/12/16 18:00,5.3,7.8,26.6,33.3
2023/12/16 19:00,4.9,7.1,28.1,34.8
2023/12/16 20:00,5.9,8.1,27.9,37.5
2023/12/16 21:00,4.9,6.7,32.6,32.5
2023/12/16 22:00,3.9,6,36.5,29.4
2023/12/16 23:00,3,4.2,39,28.1
2023/12/17 0:00,47.7,52.7,26.9,36.2
2023/12/17 1:00,6.9,9.8,44.8,18.6
2023/12/17 2:00,9.4,14.2,44.9,16.2
2023/12/17 3:00,8.5,13.6,51.9,14.4
2023/12/17 4:00,6.8,11.7,59.3,9.1
2023/12/17 5:00,6.9,11.4,56.1,9.6
2023/12/17 6:00,8.1,13.1,53.1,10.7
2023/12/17 7:00,8.8,14.6,51.3,12.4
2023/12/17 8:00,10.7,16.8,47.9,13.7
2023/12/17 9:00,9.9,16.7,46.2,15.1
2023/12/17 10:00,8.6,15.5,46.4,17.5
2023/12/17 11:00,7.8,14.8,48.5,18.2
2023/12/17 12:00,7.2,13.3,53.8,15.3
2023/12/17 13:00,7.3,13,48.3,21.3
2023/12/17 14:00,8.5,13.6,50.9,18.9
2023/12/17 15:00,7.3,13.6,49.9,19
2023/12/17 16:00,6.7,12.6,40.6,34.9
2023/12/17 17:00,6.3,12.2,40.1,35.9
2023/12/17 18:00,7,11.8,36.3,38.9
2023/12/17 19:00,6.9,11.8,41.9,32.6
2023/12/17 20:00,6.9,12.6,42.1,35.6
2023/12/17 21:00,6.5,12.1,54.7,23.6
2023/12/17 22:00,5.9,10.9,59.4,15.9
2023/12/17 23:00,5.6,10,63.2,15
2023/12/18 0:00,5.2,10.3,68.4,10
2023/12/18 1:00,5.4,9.8,68.4,8
2023/12/18 2:00,4.8,9.4,67.3,10.1
2023/12/18 3:00,4.9,9.9,67.2,8.6
2023/12/18 4:00,4.7,9.4,69.2,8.1
2023/12/18 5:00,4.6,9.4,68,9.3
2023/12/18 6:00,5.1,10.3,60.1,15.2
2023/12/18 7:00,5.7,11.6,53.9,21.6
2023/12/18 8:00,6.8,16.8,48,30.2
2023/12/18 9:00,6.2,17.2,52,28.1
2023/12/18 10:00,7,15.8,51.8,29.5
2023/12/18 11:00,7.2,15.3,44.1,33.4
2023/12/18 12:00,7.5,17.4,48,33.1
2023/12/18 13:00,7.8,16.9,37,47.3
2023/12/18 14:00,8.9,18.7,45.1,35
2023/12/18 15:00,8.6,17.6,42.8,37
2023/12/18 16:00,9.5,18.7,36.8,42.8
2023/12/18 17:00,10.3,18,34.2,42.2
2023/12/18 18:00,12,19.9,31.4,48.2
2023/12/18 19:00,11.7,19.4,34.9,43.2
2023/12/18 20:00,11.4,18.9,44,31.1
2023/12/18 21:00,11.8,19.8,45.6,24.6
2023/12/18 22:00,10.9,18.8,47.7,22.4
2023/12/18 23:00,9.8,15.8,45.6,23.4
2023/12/19 0:00,9.9,16.4,52.3,16.6
2023/12/19 1:00,10.1,17.9,57.6,11.9
2023/12/19 2:00,10,17,57.1,9.7
2023/12/19 3:00,5.3,8.1,53.7,8.6
2023/12/19 4:00,2.8,4.4,55.6,8.7
2023/12/19 5:00,3.6,5.3,53.8,11.4
2023/12/19 6:00,3,4.7,48.3,16.2
2023/12/19 7:00,2.9,4.5,40.2,22.8
2023/12/19 8:00,2.7,5.3,30.8,30.3
2023/12/19 9:00,3.3,8.3,21.6,42.6
2023/12/19 10:00,4.7,8.3,,
2023/12/19 11:00,4.9,7.7,17.3,62.9
2023/12/19 12:00,6.5,10,14.1,63.7
2023/12/19 13:00,8,11.4,11.9,68.7
2023/12/19 14:00,8.2,13,13.6,76.4
2023/12/19 15:00,6.5,11.8,15.6,63.7
2023/12/19 16:00,7.5,14.8,20.4,61.2
2023/12/19 17:00,8.3,14.9,20.6,59.7
2023/12/19 18:00,7.7,14.3,14.1,71.3
2023/12/19 19:00,9.1,14.8,11.4,69
2023/12/19 20:00,8.1,13.7,10.4,65.6
2023/12/19 21:00,8.2,14,9.9,59.4
2023/12/19 22:00,6.5,12.3,14.4,51.7
2023/12/19 23:00,6,10.8,12.8,52.8
2023/12/20 0:00,5.9,10.7,23.1,38.2
2023/12/20 1:00,5.5,10.5,29.8,28.9
2023/12/20 2:00,5.2,10.6,33,20.8
2023/12/20 3:00,5.8,10.5,32.1,22
2023/12/20 4:00,5.5,10.3,35.2,22.1
2023/12/20 5:00,5.9,11.6,31.8,25.5
2023/12/20 6:00,6.2,12.1,28.7,28.2
2023/12/20 7:00,6.6,12.7,17.2,44.3
2023/12/20 8:00,7.2,17.2,14.2,53.6
2023/12/20 9:00,7.5,16.9,12.7,58.1
2023/12/20 10:00,5.6,13.3,19.5,52.2
2023/12/20 11:00,5.6,14.6,15.5,60.4
2023/12/20 12:00,5.6,14.8,19.2,58
2023/12/20 13:00,4.8,11.7,24,49.9
2023/12/20 14:00,4.2,11.2,29.4,41.2
2023/12/20 15:00,4.5,12.8,25.2,51.9
2023/12/20 16:00,4.9,11.4,21.7,67.1
2023/12/20 17:00,4.4,8.9,21.6,53.4
2023/12/20 18:00,5.1,8.6,20.4,60.1
2023/12/20 19:00,7.6,12.6,24.1,53.6
2023/12/20 20:00,9.8,14.8,20.3,56.3
2023/12/20 21:00,9.5,14.6,25.8,48.6
2023/12/20 22:00,5.6,8.9,28.6,45.5
2023/12/20 23:00,4.1,6.5,25.7,45.7
2023/12/21 0:00,3,5.6,34.3,32.1
2023/12/21 1:00,2.4,4.4,49.7,15.8
2023/12/21 2:00,1.9,3.2,51.6,15
2023/12/21 3:00,1.6,3.2,52.1,15.5
2023/12/21 4:00,1.5,3.2,55.5,12.2
2023/12/21 5:00,1.5,3.3,54.6,14.6
2023/12/21 6:00,1.7,3.6,54.7,16
2023/12/21 7:00,2.4,5.3,52.4,19.7
2023/12/21 8:00,3,8.5,42.9,31.6
2023/12/21 9:00,3.1,8.3,38.4,38.5
2023/12/21 10:00,2.7,7,39.9,36.4
2023/12/21 11:00,2.4,7.5,37.7,41.9
2023/12/21 12:00,4.1,12.1,36.3,51.9
2023/12/21 13:00,4.8,12,35.9,51
2023/12/21 14:00,5.4,12.9,44.2,48
2023/12/21 15:00,3.9,10.4,46.4,41.9
2023/12/21 16:00,5.7,12.7,33.4,69.6
2023/12/21 17:00,6.6,13.4,44.6,39.9
2023/12/21 18:00,8,14.2,33.1,61.9
2023/12/21 19:00,10.2,18.2,36.4,57.3
2023/12/21 20:00,12,20.3,34.4,59.8
2023/12/21 21:00,11.8,19.9,36,49.2
2023/12/21 22:00,10,17.4,44,36.9
2023/12/21 23:00,11.4,20.3,45.3,37.5
2023/12/22 0:00,11.3,20.6,43.4,35.2
2023/12/22 1:00,7,12.6,54.3,21.3
2023/12/22 2:00,2.9,4.5,62.3,11.4
2023/12/22 3:00,4,6.4,49.8,16
2023/12/22 4:00,1.7,2.7,50.6,15.1
2023/12/22 5:00,1.3,2.1,51.2,16.6
2023/12/22 6:00,1.3,2.6,49.4,18.3
2023/12/22 7:00,1.3,3.3,42.2,27.9
2023/12/22 8:00,2,6.3,47.4,28.8
2023/12/22 9:00,2,5.1,47.7,31.2
2023/12/22 10:00,2.9,5.9,48.7,30.9
2023/12/22 11:00,2.8,7.2,48.6,35.8
2023/12/22 12:00,3.4,7.5,48.7,35.1
2023/12/22 13:00,4.1,8.3,39.5,49.5
2023/12/22 14:00,4.3,10.1,45.4,35.8
2023/12/22 15:00,4.3,8.4,43.8,41.5
2023/12/22 16:00,4.2,8.5,45.7,37.7
2023/12/22 17:00,4.7,8.1,42.4,44.8
2023/12/22 18:00,4.7,8.3,38.9,49.1
2023/12/22 19:00,5.3,9.3,31.8,51.2
2023/12/22 20:00,6,9.4,29.8,56.1
2023/12/22 21:00,5.1,8.1,25.9,64.3
2023/12/22 22:00,5.1,7.9,25.7,52.4
2023/12/22 23:00,4.8,7.8,27,49.7
2023/12/23 0:00,6.4,12.6,33.8,47
2023/12/23 1:00,9.1,16.7,49.4,21.2
2023/12/23 2:00,5,8.1,55.1,17.8
2023/12/23 3:00,7.4,14.3,47.2,34.1
2023/12/23 4:00,6.4,12.5,46.5,33.4
2023/12/23 5:00,3.3,6,59.1,13.9
2023/12/23 6:00,2.9,5.9,60.8,13
2023/12/23 7:00,2.9,5.9,57.2,16.2
2023/12/23 8:00,3.6,8.3,50.3,21.6
2023/12/23 9:00,3.4,7.8,51.1,27.8
2023/12/23 10:00,3.3,6.8,44.5,36
2023/12/23 11:00,3.6,5.8,48.3,32.9
2023/12/23 12:00,2.3,5.1,55.3,24
2023/12/23 13:00,2.9,6.4,45,35.3
2023/12/23 14:00,2.9,5.6,47.5,34.9
2023/12/23 15:00,3.3,6.5,46.5,33.8
2023/12/23 16:00,3.7,7.5,42.5,43.7
2023/12/23 17:00,3.9,7.5,48.9,48.2
2023/12/23 18:00,2.8,5.2,46.6,38.2
2023/12/23 19:00,2.4,4.6,51,34.9
2023/12/23 20:00,2.4,3.8,53.3,32.1
2023/12/23 21:00,2.1,3.6,55,24.6
2023/12/23 22:00,1.7,3.1,63.3,16.3
2023/12/23 23:00,1.9,3.5,62.6,15.9
2023/12/24 0:00,2.5,4,60,19.6
2023/12/24 1:00,4.3,7.5,59,17.2
2023/12/24 2:00,3.6,6.3,64.4,8.5
2023/12/24 3:00,1.6,3,66.4,7.3
2023/12/24 4:00,1.1,1.9,65.2,9.3
2023/12/24 5:00,1,1.8,66.3,6.8
2023/12/24 6:00,0.5,0.8,65.7,6.7
2023/12/24 7:00,0.5,0.9,62.7,6.7
2023/12/24 8:00,0.4,1,61.7,7.4
2023/12/24 9:00,0.4,1.1,61.6,12.1
2023/12/24 10:00,0.6,1.8,60.3,12.8
2023/12/24 11:00,1.2,2.8,59.8,10
2023/12/24 12:00,1.7,4.5,60,11.9
2023/12/24 13:00,2.2,4.4,57.7,17.1
2023/12/24 14:00,2,4.2,58.2,13.4
2023/12/24 15:00,1.5,3.4,57.4,15.4
2023/12/24 16:00,1.4,3,53.9,19.4
2023/12/24 17:00,1.3,2.2,54,20
2023/12/24 18:00,1.5,2.8,53.4,19.3
2023/12/24 19:00,1.5,2.5,54.3,19.8
2023/12/24 20:00,1.9,2.8,47.6,30.7
2023/12/24 21:00,1.4,2.4,50.4,24.9
2023/12/24 22:00,1.5,2.9,49.7,24.5
2023/12/24 23:00,1,2.2,57.2,13.2
2023/12/25 0:00,1,2,56.8,15.3
2023/12/25 1:00,0.6,1.1,61.1,10.2
2023/12/25 2:00,0.6,1.2,63.2,5.1
2023/12/25 3:00,14.2,16,60.5,6
2023/12/25 4:00,0.3,0.6,63.6,5.5
2023/12/25 5:00,0.2,0.8,64.3,4.6
2023/12/25 6:00,0.3,0.9,62.2,6.3
2023/12/25 7:00,0.4,0.7,53.1,12.8
2023/12/25 8:00,0.9,1.8,51.6,12.1
2023/12/25 9:00,1.8,3.3,58.6,15.9
2023/12/25 10:00,1.6,3,55.4,15.9
2023/12/25 11:00,2.2,4,54.1,15
2023/12/25 12:00,2.3,4,56,15.8
2023/12/25 13:00,1.7,2.7,48.5,19.1
2023/12/25 14:00,2.1,3.4,43.6,22.8
2023/12/25 15:00,2.4,3.5,42.2,28
2023/12/25 16:00,1.9,2.6,38.2,28.3
2023/12/25 17:00,1.9,3.3,40.9,28.9
2023/12/25 18:00,2.4,3.8,50.1,24.2
2023/12/25 19:00,4.8,6.8,50.8,24.2
2023/12/25 20:00,2.1,2.8,40.1,43.3
2023/12/25 21:00,1.4,1.9,44.1,35.8
2023/12/25 22:00,1.5,2.1,47.9,32.3
2023/12/25 23:00,1.8,3.3,48.5,28
2023/12/26 0:00,3.8,7.4,55.5,18.2
2023/12/26 1:00,5.2,10.6,60.5,13.5
2023/12/26 2:00,4.7,9.9,63.5,7.4
2023/12/26 3:00,4.7,9.9,62.9,7.5
2023/12/26 4:00,5.7,13.3,59.4,8.8
2023/12/26 5:00,5.8,13.1,59.4,9.2
2023/12/26 6:00,5.6,12.1,60.8,12
2023/12/26 7:00,5.8,13.2,57,15.1
2023/12/26 8:00,6.3,14,47,24.8
2023/12/26 9:00,6.6,14.8,48,21.8
2023/12/26 10:00,6.6,14.4,35,38.1
2023/12/26 11:00,6.5,13.3,33.6,37.8
2023/12/26 12:00,6.2,12.9,35.8,36.2
2023/12/26 13:00,7,13.3,27.9,43.1
2023/12/26 14:00,6.2,12.4,28,43.1
2023/12/26 15:00,7.3,14.9,19,54.5
2023/12/26 16:00,8.2,16.4,8.8,63.8
2023/12/26 17:00,9.2,16.8,5.2,73.4
2023/12/26 18:00,9.2,15.9,11.3,62.8
2023/12/26 19:00,14.4,20.9,7.9,64
2023/12/26 20:00,16.6,23,3.9,61.5
2023/12/26 21:00,14,19.7,7.8,52.5
2023/12/26 22:00,12.3,18,13.6,46.5
2023/12/26 23:00,10.1,15.7,21.3,40.8
2023/12/27 0:00,8.8,14.4,30.7,29.5
2023/12/27 1:00,9.3,14.8,25.9,31.2
2023/12/27 2:00,6.5,9.1,31.6,25.7
2023/12/27 3:00,4.4,5.4,39.2,17.4
2023/12/27 4:00,4.4,6.2,31.1,26.3
2023/12/27 5:00,5.1,7.8,33.6,21.6
2023/12/27 6:00,6.9,11.5,,13.4
2023/12/27 7:00,7.4,11.9,46,13.7
2023/12/27 8:00,8.5,13.9,47.4,17.9
2023/12/27 9:00,9.3,16.2,51.9,17
2023/12/27 10:00,9,14.5,53.2,15.7
2023/12/27 11:00,7.9,12.3,50.6,18.1
2023/12/27 12:00,7.8,13.3,52.6,16.5
2023/12/27 13:00,7.6,12.8,56.2,15.8
2023/12/27 14:00,6,9.6,55,14.6
2023/12/27 15:00,5.2,7.6,51.5,20.7
2023/12/27 16:00,6.1,9.8,52.6,14.5
2023/12/27 17:00,3.4,4.9,56.8,16.4
2023/12/27 18:00,3.9,6.3,53.8,30.6
2023/12/27 19:00,5.1,10.1,56.9,26.6
2023/12/27 20:00,7.2,15.2,56.3,26.3
2023/12/27 21:00,9.4,19.5,58.7,21.9
2023/12/27 22:00,10.7,22.3,62.8,14.5
2023/12/27 23:00,11.7,23,69.6,9.7
2023/12/28 0:00,12.3,25,73.3,6.7
2023/12/28 1:00,12.6,23.7,76.2,4.1
2023/12/28 2:00,11,18.8,75.8,4.6
2023/12/28 3:00,13.5,24.4,76.7,4.8
2023/12/28 4:00,14.4,26.5,77.9,3.5
2023/12/28 5:00,13.1,24.1,77,4.8
2023/12/28 6:00,10.2,18.5,75.8,6.9
2023/12/28 7:00,13.7,25.7,73.1,9.2
2023/12/28 8:00,17.4,33.8,71.1,11.7
2023/12/28 9:00,16.7,30.5,65.3,16.3
2023/12/28 10:00,14.1,26.3,66,16.5
2023/12/28 11:00,13,24,68.3,12.4
2023/12/28 12:00,12.1,21.4,60.3,16.6
2023/12/28 13:00,11.1,21,65.6,16.6
2023/12/28 14:00,9.9,18.2,66.5,17.3
2023/12/28 15:00,9.8,19.3,63.7,20.6
2023/12/28 16:00,9.9,17.5,61,21
2023/12/28 17:00,9,15.1,59.6,21.6
2023/12/28 18:00,6.7,9.9,56.1,26
2023/12/28 19:00,4.5,7.1,56.5,24.3
2023/12/28 20:00,7.2,12.2,52.3,24.3
2023/12/28 21:00,10,18.3,61,17.9
2023/12/28 22:00,9.3,17.6,58.4,17.7
2023/12/28 23:00,10,19.5,64.3,11.9
2023/12/29 0:00,9.4,19.3,60.3,15.4
2023/12/29 1:00,9.1,18.5,64.3,7.5
2023/12/29 2:00,9.4,19,64.4,5.9
2023/12/29 3:00,9.4,19.1,64.8,6.5
2023/12/29 4:00,8.6,16.9,63.4,6.6
2023/12/29 5:00,7.2,14.5,62.7,6.9
2023/12/29 6:00,5.3,10.3,61.8,8.3
2023/12/29 7:00,4.1,8.7,55.3,14.5
2023/12/29 8:00,4,9.5,48.8,19.2
2023/12/29 9:00,3.9,9.3,48,19.7
2023/12/29 10:00,4.8,10.9,41.2,28.5
2023/12/29 11:00,5.6,11.4,37.8,31.9
2023/12/29 12:00,4.2,9.1,50.2,22.7
2023/12/29 13:00,3.7,7,41.3,39.3
2023/12/29 14:00,3.4,6.5,29.7,43.4
2023/12/29 15:00,3.2,7.1,33.3,45.2
2023/12/29 16:00,2.9,6.4,42.9,30.1
2023/12/29 17:00,4.2,8.1,37.5,38.4
2023/12/29 18:00,4.2,9.8,36,44.4
2023/12/29 19:00,4.8,8.8,39.4,37.2
2023/12/29 20:00,5.3,9.1,40.7,36.9
2023/12/29 21:00,4.7,8.2,41.7,32.9
2023/12/29 22:00,4.2,7.5,40.7,27.7
2023/12/29 23:00,4.7,8,37.7,30.3
2023/12/30 0:00,7.8,11.6,42.2,23.8
2023/12/30 1:00,4.6,9.2,44.4,17.6
2023/12/30 2:00,4.4,9.2,48.8,13.5
2023/12/30 3:00,4.9,11.2,48.6,15.2
2023/12/30 4:00,5.6,13,51.6,15.1
2023/12/30 5:00,5.8,14.8,45.4,20.1
2023/12/30 6:00,6.3,15,42.4,22.7
2023/12/30 7:00,7.4,17.5,41.5,23.8
2023/12/30 8:00,6.9,14.5,42.4,27.9
2023/12/30 9:00,6.2,10.9,44.6,21
2023/12/30 10:00,6.2,11.7,50.7,17.7
2023/12/30 11:00,5.4,9.4,53.3,16.1
2023/12/30 12:00,5.8,10.9,52.2,32.5
2023/12/30 13:00,5.6,10.2,50.8,25
2023/12/30 14:00,6.2,12.8,52.4,21.5
2023/12/30 15:00,5.7,10.3,54.6,20
2023/12/30 16:00,5.8,9.8,52,29.3
2023/12/30 17:00,4.9,8.3,54.2,20.8
2023/12/30 18:00,5,8.4,49.1,45.2
2023/12/30 19:00,4.7,8.2,51.1,34.7
2023/12/30 20:00,5.4,9.6,53.6,25.2
2023/12/30 21:00,4.8,8.5,61.2,18.7
2023/12/30 22:00,3.8,7,63.1,11.1
2023/12/30 23:00,4.5,8.3,63.3,12.5
2023/12/31 0:00,3.2,6.1,67.5,10.8
2023/12/31 1:00,2,3.2,71.4,18.8
2023/12/31 2:00,2,3.4,77.5,10.3
2023/12/31 3:00,1.9,3.8,79.6,10
2023/12/31 4:00,3.3,7,82,5.5
2023/12/31 5:00,1.9,4.2,84.3,3.8
2023/12/31 6:00,0.8,1.4,77.1,6.6
2023/12/31 7:00,1.6,3.5,68.8,11.6
2023/12/31 8:00,3.9,9.5,61.8,15.3
2023/12/31 9:00,5.8,13.4,63.5,12
2023/12/31 10:00,4,7.3,64.3,11.7
2023/12/31 11:00,5.1,10,56.2,15.4
2023/12/31 12:00,4,7.4,57.8,17.1
2023/12/31 13:00,6.2,12.3,57.3,14.8
2023/12/31 14:00,7.2,14.5,58.9,13.3
2023/12/31 15:00,5.6,10.3,60.2,12.5
2023/12/31 16:00,3.2,5.6,59.5,13.4
2023/12/31 17:00,4.6,7.9,51.6,17.4
2023/12/31 18:00,4.8,8,59.8,10.5
2023/12/31 19:00,4.8,8.1,60.3,9.9
2023/12/31 20:00,5.5,10.1,62.2,9
2023/12/31 21:00,5.5,9.3,62.7,6.9
2023/12/31 22:00,6.5,10.7,62.5,6.6
2023/12/31 23:00,6.4,11.1,64.4,5.2
2024/1/1 0:00,8.9,14.9,65,4.4
2024/1/1 1:00,10.5,17.6,63.1,6.9
2024/1/1 2:00,4.9,10.1,61.7,7.3
2024/1/1 3:00,4.9,9.5,60.5,7.1
2024/1/1 4:00,3.6,7.4,60.7,8.5
2024/1/1 5:00,4.9,10.5,58,10.9
2024/1/1 6:00,6.3,13.4,52.7,22
2024/1/1 7:00,7.2,14.8,51.2,20.8
2024/1/1 8:00,8.5,18.3,52.2,19.3
2024/1/1 9:00,8.7,19.5,55.1,15.8
2024/1/1 10:00,8.3,18.4,57,12.4
2024/1/1 11:00,7.7,17,60.2,10.2
2024/1/1 12:00,7.4,15.8,59.6,11.8
2024/1/1 13:00,10.5,19.6,55.4,13.8
2024/1/1 14:00,25.6,38.1,47.7,22.9
2024/1/1 15:00,8.9,17.2,38.2,28.5
2024/1/1 16:00,7.2,13.1,39.7,33.9
2024/1/1 17:00,5,7.8,36.6,38.6
2024/1/1 18:00,5.1,8,49.7,20.5
2024/1/1 19:00,3,4.5,47.3,23.4
2024/1/1 20:00,2.5,3.7,48.1,21.4
2024/1/1 21:00,1.6,2.5,51.2,16.3
2024/1/1 22:00,1.8,2.7,54.6,15.7
2024/1/1 23:00,0.9,1.5,62.9,12.6
2024/1/2 0:00,0.5,1,65.6,9.8
2024/1/2 1:00,0.8,1.6,65.9,5.3
2024/1/2 2:00,1.3,2.4,67.4,5.6
2024/1/2 3:00,3.4,6.6,70.4,9.4
2024/1/2 4:00,4,7.4,67.4,8.9
2024/1/2 5:00,5.8,11,67.7,7.1
2024/1/2 6:00,7.4,13.5,61.6,15.5
2024/1/2 7:00,10.5,18.3,40.7,33.2
2024/1/2 8:00,9.2,14.3,21,52.9
2024/1/2 9:00,4.1,5.8,28.7,45.4
2024/1/2 10:00,2.7,4.1,28.2,46
2024/1/2 11:00,3.6,6.2,49.6,26
2024/1/2 12:00,1.4,3.9,52.8,19.1
2024/1/2 13:00,2.7,5.1,52.8,18.5
2024/1/2 14:00,6.4,10.8,61.2,20.3
2024/1/2 15:00,2.7,6.1,72.3,14
2024/1/2 16:00,1.6,3.9,77.6,9.7
2024/1/2 17:00,2.4,4.5,71.1,14.8
2024/1/2 18:00,3.5,7.1,70.5,13.7
2024/1/2 19:00,5.2,10.1,68,15.5
2024/1/2 20:00,6.9,13.3,66.9,14.8
2024/1/2 21:00,7.6,13.8,65,12.7
2024/1/2 22:00,7.6,14.5,62.8,13.5
2024/1/2 23:00,6.7,12.3,65.7,9
2024/1/3 0:00,6.3,11.9,65.1,7.7
2024/1/3 1:00,7.7,14.6,68,5.9
2024/1/3 2:00,8.9,17.1,69.4,7.1
2024/1/3 3:00,7.1,13.4,68.5,9.5
2024/1/3 4:00,5.7,10.9,71.9,6.5
2024/1/3 5:00,4.7,8.9,69.7,7.8
2024/1/3 6:00,4.7,9.7,64.4,12.9
2024/1/3 7:00,6.9,14.3,55.2,20
2024/1/3 8:00,9.5,21.8,46.8,29.2
2024/1/3 9:00,11.4,24.3,45,31.4
2024/1/3 10:00,9.8,19.6,48.4,28.1
2024/1/3 11:00,8.1,17,52.3,23.8
2024/1/3 12:00,6.2,11.8,32.7,41.5
2024/1/3 13:00,5.2,11.2,38,36.1
2024/1/3 14:00,4.6,8.9,44.8,33
2024/1/3 15:00,4.6,9.6,43.4,34.8
2024/1/3 16:00,4.7,9.8,35.3,41.4
2024/1/3 17:00,6.3,11.1,27.2,48
2024/1/3 18:00,6.9,11.5,27.4,47.7
2024/1/3 19:00,5.6,8.1,29.6,44
2024/1/3 20:00,5.9,8.6,29.9,39.9
2024/1/3 21:00,5.3,8.5,34.6,32.7
2024/1/3 22:00,4.5,7.6,27.3,39.9
2024/1/3 23:00,5.5,9.5,32.1,33.5
2024/1/4 0:00,4.6,8.4,43.9,16.8
2024/1/4 1:00,3.2,5.9,49.2,13.6
2024/1/4 2:00,2.3,4,54.3,10.4
2024/1/4 3:00,2.7,5,58.3,8.9
2024/1/4 4:00,3.9,8.1,60,8.1
2024/1/4 5:00,5.2,11.1,54.7,12.4
2024/1/4 6:00,6.1,12.5,48.6,18.7
2024/1/4 7:00,6.4,13.8,39.6,28.3
2024/1/4 8:00,7.2,20,33,35.5
2024/1/4 9:00,11.6,26.3,29.6,39.6
2024/1/4 10:00,8.6,23,30.6,41.7
2024/1/4 11:00,12,26,27.2,46.5
2024/1/4 12:00,10.1,25,20.5,54.1
2024/1/4 13:00,9.7,21.6,27.9,46.7
2024/1/4 14:00,11.5,26.6,16.9,57.1
2024/1/4 15:00,11,23.2,22.9,48.7
2024/1/4 16:00,7,11.5,22.8,49.7
2024/1/4 17:00,7.5,10.3,30.5,51
2024/1/4 18:00,7.6,9.3,35.1,46.6
2024/1/4 19:00,7.3,9,33.7,36.6
2024/1/4 20:00,9.3,11,16,55.5
2024/1/4 21:00,8.4,10.9,10.1,64.3
2024/1/4 22:00,6.1,7.5,16.7,51.5
2024/1/4 23:00,2.9,3.9,37.2,26.4
2024/1/5 0:00,1.7,2.4,48,18.2
2024/1/5 1:00,1,1.4,61.2,19.1
2024/1/5 2:00,1.2,1.9,67.4,12.6
2024/1/5 3:00,1.4,2,65.7,10.9
2024/1/5 4:00,4,4.9,46.2,14.3
2024/1/5 5:00,11.8,15.3,29.8,22.6
2024/1/5 6:00,11.3,14.7,26,24.4
2024/1/5 7:00,11.2,14.5,23.1,30.8
2024/1/5 8:00,12.4,18.4,14.8,39.6
2024/1/5 9:00,12,19.1,13.6,42.1
2024/1/5 10:00,10.7,17,14.4,
2024/1/5 11:00,10.3,16.4,,
2024/1/5 12:00,9.9,17.2,17,42.9
2024/1/5 13:00,12.8,27.9,11.9,50
2024/1/5 14:00,11.1,19.1,14.5,48
2024/1/5 15:00,10,15.3,14.4,49
2024/1/5 16:00,10.3,17,9.3,52
2024/1/5 17:00,9,16.3,9.7,50.7
2024/1/5 18:00,11.3,17.4,6.5,55.2
2024/1/5 19:00,13.5,16.7,9.5,50.7
2024/1/5 20:00,12.4,14.5,14.6,42.6
2024/1/5 21:00,9.4,11.4,15.8,43.4
2024/1/5 22:00,8.3,10.8,12.1,43.5
2024/1/5 23:00,8.7,12,10.8,39.7
2024/1/6 0:00,7.8,12.1,9.8,41.5
2024/1/6 1:00,9.5,12.9,11.1,40.6
2024/1/6 2:00,9.9,13.2,11,35.7
2024/1/6 3:00,8.4,11.3,13.4,35.4
2024/1/6 4:00,5.9,8.3,23.8,27.7
2024/1/6 5:00,5.3,7.9,29.4,22.8
2024/1/6 6:00,5.1,8,28.6,23.6
2024/1/6 7:00,5,9.2,24.5,29.1
2024/1/6 8:00,4.8,8.8,21.6,36.3
2024/1/6 9:00,5.4,9.7,21.5,35.1
2024/1/6 10:00,6,9.6,20.2,39
2024/1/6 11:00,4.8,8,24,36.6
2024/1/6 12:00,7.1,9.8,24.4,41.3
2024/1/6 13:00,9.2,13.1,18.5,44.7
2024/1/6 14:00,8.2,12.8,22.7,38.5
2024/1/6 15:00,9.2,13.6,21.7,42.6
2024/1/6 16:00,6.8,9.9,21.2,45.7
2024/1/6 17:00,9.6,13.1,17.8,45.2
2024/1/6 18:00,13.2,16.4,18.5,41.3
2024/1/6 19:00,13.9,17.5,15.7,44.6
2024/1/6 20:00,15.3,18.8,19.4,39.5
2024/1/6 21:00,12.3,14.9,21.7,37.2
2024/1/6 22:00,8.2,10.7,22,40.3
2024/1/6 23:00,5.9,8.7,32.5,37.7
2024/1/7 0:00,5.6,9.4,32.4,40.4
2024/1/7 1:00,5.3,9.7,36.7,34.1
2024/1/7 2:00,4.8,9.6,38.8,33.7
2024/1/7 3:00,4,8.6,49.4,23.9
2024/1/7 4:00,3.7,7.7,48.2,23.2
2024/1/7 5:00,3.3,6.7,48.6,23
2024/1/7 6:00,3.2,6.7,54,17
2024/1/7 7:00,3.5,6.5,49.2,20.9
2024/1/7 8:00,3.5,6.5,42.2,26.7
2024/1/7 9:00,3.8,6.8,37.2,35.3
2024/1/7 10:00,4.1,6.9,38.2,33.4
2024/1/7 11:00,5.3,10.5,46.8,27.6
2024/1/7 12:00,6.9,12.4,53.4,28.6
2024/1/7 13:00,7.3,13.2,52.2,29.4
2024/1/7 14:00,7.8,13.3,49.6,33.3
2024/1/7 15:00,7.9,13.7,51.7,31.4
2024/1/7 16:00,8,13.4,50.3,33.6
2024/1/7 17:00,7.9,13.5,50.6,34.5
2024/1/7 18:00,8.7,13.6,51.3,34.4
2024/1/7 19:00,10.6,16.5,48.3,31.3
2024/1/7 20:00,11.2,17.3,36.3,40.1
2024/1/7 21:00,9.7,15.5,35.7,41.6
2024/1/7 22:00,8.1,13.6,38.3,36
2024/1/7 23:00,6.1,10.4,41.1,35.2
2024/1/8 0:00,4.4,8.1,51.5,25.3
2024/1/8 1:00,3.7,7.9,54.8,25.6
2024/1/8 2:00,3.9,7.6,45.5,29.6
2024/1/8 3:00,4.3,8.2,49.4,22.2
2024/1/8 4:00,3.7,6.9,53.2,21.8
2024/1/8 5:00,3.6,7.1,48.3,26.7
2024/1/8 6:00,3.3,6.7,46.8,30.4
2024/1/8 7:00,3.9,8.6,42.1,36.9
2024/1/8 8:00,4.2,10.2,40.6,39.7
2024/1/8 9:00,4.7,11.4,39.8,39.5
2024/1/8 10:00,6.2,13.5,42.6,35
2024/1/8 11:00,6,12.4,47.6,24.8
2024/1/8 12:00,6.4,12.9,42.3,28.5
2024/1/8 13:00,7.5,13.2,43.9,26.5
2024/1/8 14:00,6.5,12.2,49,22.3
2024/1/8 15:00,6,10.9,45.2,25.9
2024/1/8 16:00,6.6,10.8,39.6,30.6
2024/1/8 17:00,7.3,11.5,41.4,30.6
2024/1/8 18:00,7.7,12.1,47,28.8
2024/1/8 19:00,8.7,13.9,47.9,25
2024/1/8 20:00,9.3,15.2,46.3,24.4
2024/1/8 21:00,9.5,17.7,43.3,26.7
2024/1/8 22:00,9.6,19.1,42.8,25
2024/1/8 23:00,9.5,17.4,45.2,22.2
2024/1/9 0:00,9.5,18.1,46.5,19.2
2024/1/9 1:00,9,17,51.7,15.6
2024/1/9 2:00,8.9,16.9,50.8,14.8
2024/1/9 3:00,9,17,51.1,15.2
2024/1/9 4:00,8.9,16.9,49.2,16.6
2024/1/9 5:00,8.6,15.9,46.5,17.8
2024/1/9 6:00,8.7,16,42.9,21.9
2024/1/9 7:00,9.1,16.7,37,27.6
2024/1/9 8:00,8.9,17.4,38,29.2
2024/1/9 9:00,8.7,19.2,36.5,33.8
2024/1/9 10:00,8.9,17.8,34.6,35.2
2024/1/9 11:00,8.4,18.2,43.5,27.6
2024/1/9 12:00,8.4,17.8,46.4,28
2024/1/9 13:00,8.7,18.4,44.8,28.9
2024/1/9 14:00,9.2,19.9,43.9,30.6
2024/1/9 15:00,8.6,19.3,39.8,36.4
2024/1/9 16:00,7.9,18.6,43.2,33
2024/1/9 17:00,8.1,16.4,45.8,32.4
2024/1/9 18:00,8.5,16.2,51.6,27.8
2024/1/9 19:00,8.9,16.1,50.5,29.4
2024/1/9 20:00,10.2,18.1,52.4,27.3
2024/1/9 21:00,9.6,17.4,49.6,29.5
2024/1/9 22:00,8,15.4,50.1,28.7
2024/1/9 23:00,7.2,15,49.3,26.6
2024/1/10 0:00,7,14,52,22.8
2024/1/10 1:00,6.3,12.9,50.1,21.4
2024/1/10 2:00,5.6,12.3,49.6,18.9
2024/1/10 3:00,5.3,11.7,50.4,17.2
2024/1/10 4:00,5.6,11.7,45.6,19.4
2024/1/10 5:00,5.1,10.9,47.8,23.2
2024/1/10 6:00,5.5,12.9,38.9,33.5
2024/1/10 7:00,5.7,13.9,34.8,38.3
2024/1/10 8:00,5.9,15.7,36.2,42.6
2024/1/10 9:00,6.6,18.2,31.6,49.7
2024/1/10 10:00,6.3,17.6,46.9,31.1
2024/1/10 11:00,6.6,16.8,47.4,29.7
2024/1/10 12:00,7.7,17.4,49.3,27.6
2024/1/10 13:00,8.4,17.1,53,25.5
2024/1/10 14:00,6.9,16.2,48.3,32.7
2024/1/10 15:00,6.1,14.4,53.5,26.9
2024/1/10 16:00,7.4,14.7,46.5,33.5
2024/1/10 17:00,8.6,17.6,42.5,38.6
2024/1/10 18:00,10.2,18.4,40.8,40.7
2024/1/10 19:00,9.8,17.5,46.3,35.6
2024/1/10 20:00,9.6,16.9,50.1,26.4
2024/1/10 21:00,9,16.5,44.5,30.1
2024/1/10 22:00,9.9,17.4,39.8,31.3
2024/1/10 23:00,10.5,18.3,28,39.9
2024/1/11 0:00,11,17.2,30.6,34
2024/1/11 1:00,11.7,18,24.4,34.2
2024/1/11 2:00,10.9,17.5,25.3,33.8
2024/1/11 3:00,13,18.9,29,26.8
2024/1/11 4:00,13,18.6,19.8,35.1
2024/1/11 5:00,11.8,17.6,18.7,38.5
2024/1/11 6:00,11.2,17.4,19.8,37.6
2024/1/11 7:00,9.1,15.7,17.2,45.2
2024/1/11 8:00,9.1,18.3,9.1,56.8
2024/1/11 9:00,10.4,18.2,9.7,54
2024/1/11 10:00,11.2,19.7,16.1,51.5
2024/1/11 11:00,9.1,16.1,24.5,47
2024/1/11 12:00,8.4,15.1,34.2,36.4
2024/1/11 13:00,8.7,14.9,32.5,40.6
2024/1/11 14:00,6.7,12.3,38.3,36.6
2024/1/11 15:00,8.7,16.4,33.2,41.7
2024/1/11 16:00,9.3,16.9,20.4,57.7
2024/1/11 17:00,13.8,20,12.4,58.2
2024/1/11 18:00,17,24.3,14.7,53.9
2024/1/11 19:00,13.7,20.7,23,50.9
2024/1/11 20:00,12.2,17.5,26.5,42.5
2024/1/11 21:00,9.5,13.4,32.6,35.3
2024/1/11 22:00,8.4,11.4,28.2,36.6
2024/1/11 23:00,8.4,11.7,29.5,36.4
2024/1/12 0:00,6.9,12.1,34.3,34.3
2024/1/12 1:00,7.5,14.4,42.7,25.7
2024/1/12 2:00,8,15,49.6,21.3
2024/1/12 3:00,9.1,17.7,57.1,16.2
2024/1/12 4:00,9.4,19.5,56.4,14.9
2024/1/12 5:00,9.2,18.1,55,17.8
2024/1/12 6:00,8.5,16.8,51.5,21.7
2024/1/12 7:00,7.3,14.4,48.2,25.5
2024/1/12 8:00,7.2,15,38.9,38.3
2024/1/12 9:00,7.3,13.6,41.8,33.7
2024/1/12 10:00,5.1,10.7,43.7,33.3
2024/1/12 11:00,6.7,13,38.5,39
2024/1/12 12:00,5.3,9.2,39.6,34.5
2024/1/12 13:00,6.1,10.4,40.4,34.7
2024/1/12 14:00,7.6,12.1,34.7,39.9
2024/1/12 15:00,5.8,10.1,33.5,40.8
2024/1/12 16:00,6.9,10.7,38.5,34.7
2024/1/12 17:00,10.1,13.9,33,41.3
2024/1/12 18:00,11,14.2,31,39.4
2024/1/12 19:00,11.5,14.9,33.6,35.9
2024/1/12 20:00,12.6,16.7,31.8,40.8
2024/1/12 21:00,13.6,16.6,30.2,40.9
2024/1/12 22:00,13.3,17.2,27.4,44.6
2024/1/12 23:00,16.8,20.9,32,37
2024/1/13 0:00,19.2,24.4,29.5,33.7
2024/1/13 1:00,17.3,21,30.9,32.4
2024/1/13 2:00,16.9,20.7,32,29.2
2024/1/13 3:00,15.4,18.7,39,22.3
2024/1/13 4:00,15.2,18.4,39.9,21.5
2024/1/13 5:00,17.1,20.6,36.1,23.3
2024/1/13 6:00,17.2,21.2,35.7,20.9
2024/1/13 7:00,21.2,26.2,30.8,24.3
2024/1/13 8:00,21.4,27.6,28.6,25.3
2024/1/13 9:00,22.2,30,26.8,34.1
2024/1/13 10:00,21.3,29.7,24.3,37.1
2024/1/13 11:00,19.1,27.4,26.6,35.7
2024/1/13 12:00,18.8,32.7,28.6,37.2
2024/1/13 13:00,17.6,25.3,24.4,41
2024/1/13 14:00,13.9,19.3,32.1,36
2024/1/13 15:00,13.7,19.2,33.1,34
2024/1/13 16:00,12.7,18.1,31.4,36.5
2024/1/13 17:00,14.5,20.5,29.4,41.3
2024/1/13 18:00,17.8,24.1,27.2,42.1
2024/1/13 19:00,17,22.5,24.4,41.4
2024/1/13 20:00,19,24.6,18.6,47
2024/1/13 21:00,18.1,23.1,18.9,49.5
2024/1/13 22:00,19.9,25,16.4,50.5
2024/1/13 23:00,19.7,24.1,17.9,44.1
2024/1/14 0:00,18.3,22.8,24.9,35.5
2024/1/14 1:00,19.3,23.4,33,25.4
2024/1/14 2:00,20.8,26,29.5,26
2024/1/14 3:00,19.1,22.8,28.2,26.4
2024/1/14 4:00,18,22.6,24.6,29
2024/1/14 5:00,18.3,22.5,21.5,28.9
2024/1/14 6:00,19.5,23.2,19.5,27.8
2024/1/14 7:00,19.9,28,15.2,33
2024/1/14 8:00,18.5,24.1,10,39
2024/1/14 9:00,16.2,23.4,11.1,45
2024/1/14 10:00,17,23.7,12.8,41.6
2024/1/14 11:00,14.4,23.7,19.9,44.2
2024/1/14 12:00,14.8,24.4,22.9,36.3
2024/1/14 13:00,6.2,12.8,38.9,37.4
2024/1/14 14:00,6,12.5,45.6,34.1
2024/1/14 15:00,6.1,13.4,42.4,33.8
2024/1/14 16:00,11.1,18,36,43.6
2024/1/14 17:00,5.8,8,41,33.5
2024/1/14 18:00,6.1,7.7,42.1,28.6
2024/1/14 19:00,6.6,9.9,36.6,33.3
2024/1/14 20:00,7.6,12.8,39.8,30.5
2024/1/14 21:00,7.3,13.2,41.5,28
2024/1/14 22:00,8.1,11.9,33.2,31.9
2024/1/14 23:00,6.7,13.4,34,30.3
2024/1/15 0:00,,,,
